1,Suffolk,Active,"28400","27306","1822",242,415,"5122",12,3,54,"24990","88366"
1,Suffolk,Inactive,"2452","2027",120,17,44,458,0,1,4,"1890","7013"
1,Suffolk,Total,"30852","29333","1942",259,459,"5580",12,4,58,"26880","95379"
1,District Total,Active,"28400","27306","1822",242,415,"5122",12,3,54,"24990","88366"
1,District Total,Inactive,"2452","2027",120,17,44,458,0,1,4,"1890","7013"
1,District Total,Total,"30852","29333","1942",259,459,"5580",12,4,58,"26880","95379"
2,Suffolk,Active,"23478","32742","2630",177,410,"4910",16,4,58,"25186","89611"
2,Suffolk,Inactive,"1895","2061",165,13,34,352,0,1,4,"1853","6378"
2,Suffolk,Total,"25373","34803","2795",190,444,"5262",16,5,62,"27039","95989"
2,District Total,Active,"23478","32742","2630",177,410,"4910",16,4,58,"25186","89611"
2,District Total,Inactive,"1895","2061",165,13,34,352,0,1,4,"1853","6378"
2,District Total,Total,"25373","34803","2795",190,444,"5262",16,5,62,"27039","95989"
3,Suffolk,Active,"24402","23622","2116",173,545,"3787",16,5,59,"21552","76277"
3,Suffolk,Inactive,"2268","1642",161,12,37,287,0,0,3,"1740","6150"
3,Suffolk,Total,"26670","25264","2277",185,582,"4074",16,5,62,"23292","82427"
3,District Total,Active,"24402","23622","2116",173,545,"3787",16,5,59,"21552","76277"
3,District Total,Inactive,"2268","1642",161,12,37,287,0,0,3,"1740","6150"
3,District Total,Total,"26670","25264","2277",185,582,"4074",16,5,62,"23292","82427"
4,Suffolk,Active,"28292","24972","1833",214,301,"3646",12,4,72,"22994","82340"
4,Suffolk,Inactive,"2898","1790",93,27,35,405,0,0,6,"2156","7410"
4,Suffolk,Total,"31190","26762","1926",241,336,"4051",12,4,78,"25150","89750"
4,District Total,Active,"28292","24972","1833",214,301,"3646",12,4,72,"22994","82340"
4,District Total,Inactive,"2898","1790",93,27,35,405,0,0,6,"2156","7410"
4,District Total,Total,"31190","26762","1926",241,336,"4051",12,4,78,"25150","89750"
5,Suffolk,Active,"23985","28511","2198",192,402,"3843",8,2,55,"23044","82240"
5,Suffolk,Inactive,"1748","1596",153,18,44,302,1,0,9,"1476","5347"
5,Suffolk,Total,"25733","30107","2351",210,446,"4145",9,2,64,"24520","87587"
5,District Total,Active,"23985","28511","2198",192,402,"3843",8,2,55,"23044","82240"
5,District Total,Inactive,"1748","1596",153,18,44,302,1,0,9,"1476","5347"
5,District Total,Total,"25733","30107","2351",210,446,"4145",9,2,64,"24520","87587"
6,Suffolk,Active,"30622","8999",589,86,306,"1779",13,2,26,"14518","56940"
6,Suffolk,Inactive,"2517",713,49,6,45,149,0,0,1,"1190","4670"
6,Suffolk,Total,"33139","9712",638,92,351,"1928",13,2,27,"15708","61610"
6,District Total,Active,"30622","8999",589,86,306,"1779",13,2,26,"14518","56940"
6,District Total,Inactive,"2517",713,49,6,45,149,0,0,1,"1190","4670"
6,District Total,Total,"33139","9712",638,92,351,"1928",13,2,27,"15708","61610"
7,Suffolk,Active,"24372","32338","2482",217,347,"4355",15,5,75,"23297","87503"
7,Suffolk,Inactive,"1932","1972",121,13,29,304,0,0,4,"1652","6027"
7,Suffolk,Total,"26304","34310","2603",230,376,"4659",15,5,79,"24949","93530"
7,District Total,Active,"24372","32338","2482",217,347,"4355",15,5,75,"23297","87503"
7,District Total,Inactive,"1932","1972",121,13,29,304,0,0,4,"1652","6027"
7,District Total,Total,"26304","34310","2603",230,376,"4659",15,5,79,"24949","93530"
8,Suffolk,Active,"24101","35638","2876",127,219,"4048",5,4,70,"24678","91766"
8,Suffolk,Inactive,"1559","1840",164,11,17,234,1,0,7,"1478","5311"
8,Suffolk,Total,"25660","37478","3040",138,236,"4282",6,4,77,"26156","97077"
8,District Total,Active,"24101","35638","2876",127,219,"4048",5,4,70,"24678","91766"
8,District Total,Inactive,"1559","1840",164,11,17,234,1,0,7,"1478","5311"
8,District Total,Total,"25660","37478","3040",138,236,"4282",6,4,77,"26156","97077"
9,Nassau,Active,"11326","19090",643,80,95,"1508",4,2,17,"9846","42611"
9,Nassau,Inactive,421,608,31,2,6,69,0,0,0,370,"1507"
9,Nassau,Total,"11747","19698",674,82,101,"1577",4,2,17,"10216","44118"
9,Suffolk,Active,"14790","18611","1126",78,200,"2342",5,0,34,"14743","51929"
9,Suffolk,Inactive,"1136","1134",54,9,11,161,1,0,5,936,"3447"
9,Suffolk,Total,"15926","19745","1180",87,211,"2503",6,0,39,"15679","55376"
9,District Total,Active,"26116","37701","1769",158,295,"3850",9,2,51,"24589","94540"
9,District Total,Inactive,"1557","1742",85,11,17,230,1,0,5,"1306","4954"
9,District Total,Total,"27673","39443","1854",169,312,"4080",10,2,56,"25895","99494"
10,Suffolk,Active,"30681","25200","1332",145,550,"3720",13,17,63,"23441","85162"
10,Suffolk,Inactive,"2179","1667",91,16,37,302,1,0,5,"1704","6002"
10,Suffolk,Total,"32860","26867","1423",161,587,"4022",14,17,68,"25145","91164"
10,District Total,Active,"30681","25200","1332",145,550,"3720",13,17,63,"23441","85162"
10,District Total,Inactive,"2179","1667",91,16,37,302,1,0,5,"1704","6002"
10,District Total,Total,"32860","26867","1423",161,587,"4022",14,17,68,"25145","91164"
11,Suffolk,Active,"33513","17205","1289",113,392,"2764",14,12,39,"18809","74150"
11,Suffolk,Inactive,"2591","1179",83,10,35,228,1,0,2,"1431","5560"
11,Suffolk,Total,"36104","18384","1372",123,427,"2992",15,12,41,"20240","79710"
11,District Total,Active,"33513","17205","1289",113,392,"2764",14,12,39,"18809","74150"
11,District Total,Inactive,"2591","1179",83,10,35,228,1,0,2,"1431","5560"
11,District Total,Total,"36104","18384","1372",123,427,"2992",15,12,41,"20240","79710"
12,Suffolk,Active,"29026","28875","2056",180,303,"4168",12,8,54,"25595","90277"
12,Suffolk,Inactive,"1941","1636",91,15,25,272,0,0,6,"1489","5475"
12,Suffolk,Total,"30967","30511","2147",195,328,"4440",12,8,60,"27084","95752"
12,District Total,Active,"29026","28875","2056",180,303,"4168",12,8,54,"25595","90277"
12,District Total,Inactive,"1941","1636",91,15,25,272,0,0,6,"1489","5475"
12,District Total,Total,"30967","30511","2147",195,328,"4440",12,8,60,"27084","95752"
13,Nassau,Active,"40807","23920",655,157,163,"3566",10,6,32,"22872","92188"
13,Nassau,Inactive,"1661",951,25,8,6,134,0,0,0,935,"3720"
13,Nassau,Total,"42468","24871",680,165,169,"3700",10,6,32,"23807","95908"
13,District Total,Active,"40807","23920",655,157,163,"3566",10,6,32,"22872","92188"
13,District Total,Inactive,"1661",951,25,8,6,134,0,0,0,935,"3720"
13,District Total,Total,"42468","24871",680,165,169,"3700",10,6,32,"23807","95908"
14,Nassau,Active,"31210","41560","1389",183,226,"3609",14,3,39,"25395","103628"
14,Nassau,Inactive,"1069","1242",41,15,4,138,0,0,0,769,"3278"
14,Nassau,Total,"32279","42802","1430",198,230,"3747",14,3,39,"26164","106906"
14,District Total,Active,"31210","41560","1389",183,226,"3609",14,3,39,"25395","103628"
14,District Total,Inactive,"1069","1242",41,15,4,138,0,0,0,769,"3278"
14,District Total,Total,"32279","42802","1430",198,230,"3747",14,3,39,"26164","106906"
15,Nassau,Active,"29454","36049","1232",170,198,"3968",13,2,29,"24545","95660"
15,Nassau,Inactive,"1241","1403",44,11,3,191,1,0,2,941,"3837"
15,Nassau,Total,"30695","37452","1276",181,201,"4159",14,2,31,"25486","99497"
15,District Total,Active,"29454","36049","1232",170,198,"3968",13,2,29,"24545","95660"
15,District Total,Inactive,"1241","1403",44,11,3,191,1,0,2,941,"3837"
15,District Total,Total,"30695","37452","1276",181,201,"4159",14,2,31,"25486","99497"
16,Nassau,Active,"38515","26408",618,146,126,"3565",19,7,31,"26583","96018"
16,Nassau,Inactive,"1659",958,25,9,3,151,0,0,0,870,"3675"
16,Nassau,Total,"40174","27366",643,155,129,"3716",19,7,31,"27453","99693"
16,District Total,Active,"38515","26408",618,146,126,"3565",19,7,31,"26583","96018"
16,District Total,Inactive,"1659",958,25,9,3,151,0,0,0,870,"3675"
16,District Total,Total,"40174","27366",643,155,129,"3716",19,7,31,"27453","99693"
17,Nassau,Active,"29482","38565","1611",161,279,"3863",18,3,50,"23009","97041"
17,Nassau,Inactive,"1135","1338",54,10,17,180,0,0,0,884,"3618"
17,Nassau,Total,"30617","39903","1665",171,296,"4043",18,3,50,"23893","100659"
17,District Total,Active,"29482","38565","1611",161,279,"3863",18,3,50,"23009","97041"
17,District Total,Inactive,"1135","1338",54,10,17,180,0,0,0,884,"3618"
17,District Total,Total,"30617","39903","1665",171,296,"4043",18,3,50,"23893","100659"
18,Nassau,Active,"52089","12336",363,94,428,"2099",25,28,6,"14482","81950"
18,Nassau,Inactive,"2089",576,15,5,12,102,0,0,0,554,"3353"
18,Nassau,Total,"54178","12912",378,99,440,"2201",25,28,6,"15036","85303"
18,District Total,Active,"52089","12336",363,94,428,"2099",25,28,6,"14482","81950"
18,District Total,Inactive,"2089",576,15,5,12,102,0,0,0,554,"3353"
18,District Total,Total,"54178","12912",378,99,440,"2201",25,28,6,"15036","85303"
19,Nassau,Active,"28412","36516","1212",152,174,"3803",7,11,39,"24245","94571"
19,Nassau,Inactive,"1051","1251",46,6,5,133,0,0,0,796,"3288"
19,Nassau,Total,"29463","37767","1258",158,179,"3936",7,11,39,"25041","97859"
19,District Total,Active,"28412","36516","1212",152,174,"3803",7,11,39,"24245","94571"
19,District Total,Inactive,"1051","1251",46,6,5,133,0,0,0,796,"3288"
19,District Total,Total,"29463","37767","1258",158,179,"3936",7,11,39,"25041","97859"
20,Nassau,Active,"39486","32172",870,194,198,"3459",9,6,41,"22059","98494"
20,Nassau,Inactive,"1711","1183",39,9,6,185,0,0,4,890,"4027"
20,Nassau,Total,"41197","33355",909,203,204,"3644",9,6,45,"22949","102521"
20,District Total,Active,"39486","32172",870,194,198,"3459",9,6,41,"22059","98494"
20,District Total,Inactive,"1711","1183",39,9,6,185,0,0,4,890,"4027"
20,District Total,Total,"41197","33355",909,203,204,"3644",9,6,45,"22949","102521"
21,Nassau,Active,"36697","34918","1130",178,227,"3785",14,19,35,"22281","99284"
21,Nassau,Inactive,"1619","1343",34,6,11,159,0,0,3,871,"4046"
21,Nassau,Total,"38316","36261","1164",184,238,"3944",14,19,38,"23152","103330"
21,District Total,Active,"36697","34918","1130",178,227,"3785",14,19,35,"22281","99284"
21,District Total,Inactive,"1619","1343",34,6,11,159,0,0,3,871,"4046"
21,District Total,Total,"38316","36261","1164",184,238,"3944",14,19,38,"23152","103330"
22,Nassau,Active,"45262","24178",911,140,270,"3257",16,7,35,"19975","94051"
22,Nassau,Inactive,"1553",860,37,8,12,103,0,0,0,632,"3205"
22,Nassau,Total,"46815","25038",948,148,282,"3360",16,7,35,"20607","97256"
22,District Total,Active,"45262","24178",911,140,270,"3257",16,7,35,"19975","94051"
22,District Total,Inactive,"1553",860,37,8,12,103,0,0,0,632,"3205"
22,District Total,Total,"46815","25038",948,148,282,"3360",16,7,35,"20607","97256"
23,Queens,Active,"38099","13010",706,65,199,"1994",11,4,17,"11615","65720"
23,Queens,Inactive,"2774",690,47,6,24,130,1,0,3,862,"4537"
23,Queens,Total,"40873","13700",753,71,223,"2124",12,4,20,"12477","70257"
23,District Total,Active,"38099","13010",706,65,199,"1994",11,4,17,"11615","65720"
23,District Total,Inactive,"2774",690,47,6,24,130,1,0,3,862,"4537"
23,District Total,Total,"40873","13700",753,71,223,"2124",12,4,20,"12477","70257"
24,Queens,Active,"41073","7309",254,88,167,"1600",18,2,14,"13607","64132"
24,Queens,Inactive,"2314",396,14,6,10,124,0,0,1,767,"3632"
24,Queens,Total,"43387","7705",268,94,177,"1724",18,2,15,"14374","67764"
24,District Total,Active,"41073","7309",254,88,167,"1600",18,2,14,"13607","64132"
24,District Total,Inactive,"2314",396,14,6,10,124,0,0,1,767,"3632"
24,District Total,Total,"43387","7705",268,94,177,"1724",18,2,15,"14374","67764"
25,Queens,Active,"34340","8283",330,88,165,"1512",12,1,12,"16492","61235"
25,Queens,Inactive,"2100",515,26,5,14,92,0,0,3,919,"3674"
25,Queens,Total,"36440","8798",356,93,179,"1604",12,1,15,"17411","64909"
25,District Total,Active,"34340","8283",330,88,165,"1512",12,1,12,"16492","61235"
25,District Total,Inactive,"2100",515,26,5,14,92,0,0,3,919,"3674"
25,District Total,Total,"36440","8798",356,93,179,"1604",12,1,15,"17411","64909"
26,Queens,Active,"37141","13907",611,91,169,"2238",14,3,24,"16239","70437"
26,Queens,Inactive,"2134",802,36,5,10,131,0,0,5,936,"4059"
26,Queens,Total,"39275","14709",647,96,179,"2369",14,3,29,"17175","74496"
26,District Total,Active,"37141","13907",611,91,169,"2238",14,3,24,"16239","70437"
26,District Total,Inactive,"2134",802,36,5,10,131,0,0,5,936,"4059"
26,District Total,Total,"39275","14709",647,96,179,"2369",14,3,29,"17175","74496"
27,Queens,Active,"38420","8842",297,72,201,"1582",13,1,23,"14558","64009"
27,Queens,Inactive,"2776",720,29,1,13,147,0,0,0,"1140","4826"
27,Queens,Total,"41196","9562",326,73,214,"1729",13,1,23,"15698","68835"
27,District Total,Active,"38420","8842",297,72,201,"1582",13,1,23,"14558","64009"
27,District Total,Inactive,"2776",720,29,1,13,147,0,0,0,"1140","4826"
27,District Total,Total,"41196","9562",326,73,214,"1729",13,1,23,"15698","68835"
28,Queens,Active,"37672","11661",511,130,169,"2154",12,3,27,"16568","68907"
28,Queens,Inactive,"2886",768,28,7,15,199,0,0,4,"1283","5190"
28,Queens,Total,"40558","12429",539,137,184,"2353",12,3,31,"17851","74097"
28,District Total,Active,"37672","11661",511,130,169,"2154",12,3,27,"16568","68907"
28,District Total,Inactive,"2886",768,28,7,15,199,0,0,4,"1283","5190"
28,District Total,Total,"40558","12429",539,137,184,"2353",12,3,31,"17851","74097"
29,Queens,Active,"57746","2817",169,53,221,"1357",17,0,5,"9680","72065"
29,Queens,Inactive,"3049",189,7,0,16,97,1,0,0,532,"3891"
29,Queens,Total,"60795","3006",176,53,237,"1454",18,0,5,"10212","75956"
29,District Total,Active,"57746","2817",169,53,221,"1357",17,0,5,"9680","72065"
29,District Total,Inactive,"3049",189,7,0,16,97,1,0,0,532,"3891"
29,District Total,Total,"60795","3006",176,53,237,"1454",18,0,5,"10212","75956"
30,Queens,Active,"34676","9542",451,130,208,"1918",13,2,23,"14924","61887"
30,Queens,Inactive,"2239",499,35,13,23,137,0,0,4,958,"3908"
30,Queens,Total,"36915","10041",486,143,231,"2055",13,2,27,"15882","65795"
30,District Total,Active,"34676","9542",451,130,208,"1918",13,2,23,"14924","61887"
30,District Total,Inactive,"2239",499,35,13,23,137,0,0,4,958,"3908"
30,District Total,Total,"36915","10041",486,143,231,"2055",13,2,27,"15882","65795"
31,Queens,Active,"46662","3368",164,40,251,"1244",15,1,3,"9491","61239"
31,Queens,Inactive,"2950",223,18,2,27,79,0,0,0,525,"3824"
31,Queens,Total,"49612","3591",182,42,278,"1323",15,1,3,"10016","65063"
31,District Total,Active,"46662","3368",164,40,251,"1244",15,1,3,"9491","61239"
31,District Total,Inactive,"2950",223,18,2,27,79,0,0,0,525,"3824"
31,District Total,Total,"49612","3591",182,42,278,"1323",15,1,3,"10016","65063"
32,Queens,Active,"56877","2280",111,43,246,"1246",29,1,8,"9268","70109"
32,Queens,Inactive,"3661",185,7,2,24,97,0,0,0,578,"4554"
32,Queens,Total,"60538","2465",118,45,270,"1343",29,1,8,"9846","74663"
32,District Total,Active,"56877","2280",111,43,246,"1246",29,1,8,"9268","70109"
32,District Total,Inactive,"3661",185,7,2,24,97,0,0,0,578,"4554"
32,District Total,Total,"60538","2465",118,45,270,"1343",29,1,8,"9846","74663"
33,Queens,Active,"58773","4940",318,55,195,"1670",13,3,10,"11718","77695"
33,Queens,Inactive,"3015",310,8,10,11,104,0,0,0,623,"4081"
33,Queens,Total,"61788","5250",326,65,206,"1774",13,3,10,"12341","81776"
33,District Total,Active,"58773","4940",318,55,195,"1670",13,3,10,"11718","77695"
33,District Total,Inactive,"3015",310,8,10,11,104,0,0,0,623,"4081"
33,District Total,Total,"61788","5250",326,65,206,"1774",13,3,10,"12341","81776"
34,Queens,Active,"33930","4511",157,101,168,"1087",21,2,13,"11843","51833"
34,Queens,Inactive,"1857",305,13,5,11,85,0,0,0,662,"2938"
34,Queens,Total,"35787","4816",170,106,179,"1172",21,2,13,"12505","54771"
34,District Total,Active,"33930","4511",157,101,168,"1087",21,2,13,"11843","51833"
34,District Total,Inactive,"1857",305,13,5,11,85,0,0,0,662,"2938"
34,District Total,Total,"35787","4816",170,106,179,"1172",21,2,13,"12505","54771"
35,Queens,Active,"33926","3714",126,59,163,"1063",20,1,8,"10379","49459"
35,Queens,Inactive,"2207",265,17,4,11,59,0,0,1,645,"3209"
35,Queens,Total,"36133","3979",143,63,174,"1122",20,1,9,"11024","52668"
35,District Total,Active,"33926","3714",126,59,163,"1063",20,1,8,"10379","49459"
35,District Total,Inactive,"2207",265,17,4,11,59,0,0,1,645,"3209"
35,District Total,Total,"36133","3979",143,63,174,"1122",20,1,9,"11024","52668"
36,Queens,Active,"42338","6884",254,202,187,"2113",16,1,50,"15449","67494"
36,Queens,Inactive,"3849",655,26,28,19,297,0,0,9,"1692","6575"
36,Queens,Total,"46187","7539",280,230,206,"2410",16,1,59,"17141","74069"
36,District Total,Active,"42338","6884",254,202,187,"2113",16,1,50,"15449","67494"
36,District Total,Inactive,"3849",655,26,28,19,297,0,0,9,"1692","6575"
36,District Total,Total,"46187","7539",280,230,206,"2410",16,1,59,"17141","74069"
37,Queens,Active,"41052","6240",276,210,278,"1680",22,0,43,"14925","64726"
37,Queens,Inactive,"3383",590,32,19,27,189,0,0,3,"1392","5635"
37,Queens,Total,"44435","6830",308,229,305,"1869",22,0,46,"16317","70361"
37,District Total,Active,"41052","6240",276,210,278,"1680",22,0,43,"14925","64726"
37,District Total,Inactive,"3383",590,32,19,27,189,0,0,3,"1392","5635"
37,District Total,Total,"44435","6830",308,229,305,"1869",22,0,46,"16317","70361"
38,Kings,Active,1,0,0,0,0,0,0,0,0,0,1
38,Kings,Total,1,0,0,0,0,0,0,0,0,0,1
38,Queens,Active,"35496","5956",346,95,257,"1370",17,5,17,"12616","56175"
38,Queens,Inactive,"1888",394,28,6,18,92,0,0,1,667,"3094"
38,Queens,Total,"37384","6350",374,101,275,"1462",17,5,18,"13283","59269"
38,District Total,Active,"35497","5956",346,95,257,"1370",17,5,17,"12616","56176"
38,District Total,Inactive,"1888",394,28,6,18,92,0,0,1,667,"3094"
38,District Total,Total,"37385","6350",374,101,275,"1462",17,5,18,"13283","59270"
39,Queens,Active,"28201","3709",108,81,132,855,15,1,3,"10368","43473"
39,Queens,Inactive,"1516",250,12,6,9,57,0,0,1,543,"2394"
39,Queens,Total,"29717","3959",120,87,141,912,15,1,4,"10911","45867"
39,District Total,Active,"28201","3709",108,81,132,855,15,1,3,"10368","43473"
39,District Total,Inactive,"1516",250,12,6,9,57,0,0,1,543,"2394"
39,District Total,Total,"29717","3959",120,87,141,912,15,1,4,"10911","45867"
40,Queens,Active,"28399","5915",208,63,99,939,12,2,6,"12851","48494"
40,Queens,Inactive,"2039",417,19,0,11,82,0,0,1,850,"3419"
40,Queens,Total,"30438","6332",227,63,110,"1021",12,2,7,"13701","51913"
40,District Total,Active,"28399","5915",208,63,99,939,12,2,6,"12851","48494"
40,District Total,Inactive,"2039",417,19,0,11,82,0,0,1,850,"3419"
40,District Total,Total,"30438","6332",227,63,110,"1021",12,2,7,"13701","51913"
41,Kings,Active,"42946","10108",329,67,171,"1580",8,1,24,"14309","69543"
41,Kings,Inactive,"2531",613,18,3,9,100,0,0,0,877,"4151"
41,Kings,Total,"45477","10721",347,70,180,"1680",8,1,24,"15186","73694"
41,District Total,Active,"42946","10108",329,67,171,"1580",8,1,24,"14309","69543"
41,District Total,Inactive,"2531",613,18,3,9,100,0,0,0,877,"4151"
41,District Total,Total,"45477","10721",347,70,180,"1680",8,1,24,"15186","73694"
42,Kings,Active,"54041","3642",150,126,308,"1345",12,1,18,"9936","69579"
42,Kings,Inactive,"4213",307,16,6,37,138,0,0,1,970,"5688"
42,Kings,Total,"58254","3949",166,132,345,"1483",12,1,19,"10906","75267"
42,District Total,Active,"54041","3642",150,126,308,"1345",12,1,18,"9936","69579"
42,District Total,Inactive,"4213",307,16,6,37,138,0,0,1,970,"5688"
42,District Total,Total,"58254","3949",166,132,345,"1483",12,1,19,"10906","75267"
43,Kings,Active,"59651","3444",162,133,309,"1470",15,1,20,"9964","75169"
43,Kings,Inactive,"5315",359,18,11,59,169,0,0,1,"1154","7086"
43,Kings,Total,"64966","3803",180,144,368,"1639",15,1,21,"11118","82255"
43,District Total,Active,"59651","3444",162,133,309,"1470",15,1,20,"9964","75169"
43,District Total,Inactive,"5315",359,18,11,59,169,0,0,1,"1154","7086"
43,District Total,Total,"64966","3803",180,144,368,"1639",15,1,21,"11118","82255"
44,Kings,Active,"46471","6577",273,242,273,"1572",13,0,33,"13653","69107"
44,Kings,Inactive,"4047",599,26,21,38,212,0,0,1,"1428","6372"
44,Kings,Total,"50518","7176",299,263,311,"1784",13,0,34,"15081","75479"
44,District Total,Active,"46471","6577",273,242,273,"1572",13,0,33,"13653","69107"
44,District Total,Inactive,"4047",599,26,21,38,212,0,0,1,"1428","6372"
44,District Total,Total,"50518","7176",299,263,311,"1784",13,0,34,"15081","75479"
45,Kings,Active,"28337","11831",260,90,143,"1371",8,2,16,"14759","56817"
45,Kings,Inactive,"2114",742,18,5,5,113,0,0,3,"1149","4149"
45,Kings,Total,"30451","12573",278,95,148,"1484",8,2,19,"15908","60966"
45,District Total,Active,"28337","11831",260,90,143,"1371",8,2,16,"14759","56817"
45,District Total,Inactive,"2114",742,18,5,5,113,0,0,3,"1149","4149"
45,District Total,Total,"30451","12573",278,95,148,"1484",8,2,19,"15908","60966"
46,Kings,Active,"36729","14411",523,144,208,"2059",15,5,34,"14996","69124"
46,Kings,Inactive,"3315",948,42,6,23,202,0,0,0,"1291","5827"
46,Kings,Total,"40044","15359",565,150,231,"2261",15,5,34,"16287","74951"
46,District Total,Active,"36729","14411",523,144,208,"2059",15,5,34,"14996","69124"
46,District Total,Inactive,"3315",948,42,6,23,202,0,0,0,"1291","5827"
46,District Total,Total,"40044","15359",565,150,231,"2261",15,5,34,"16287","74951"
47,Kings,Active,"28508","8269",277,85,163,"1207",15,2,17,"15103","53646"
47,Kings,Inactive,"2083",595,40,3,17,97,0,0,0,979,"3814"
47,Kings,Total,"30591","8864",317,88,180,"1304",15,2,17,"16082","57460"
47,District Total,Active,"28508","8269",277,85,163,"1207",15,2,17,"15103","53646"
47,District Total,Inactive,"2083",595,40,3,17,97,0,0,0,979,"3814"
47,District Total,Total,"30591","8864",317,88,180,"1304",15,2,17,"16082","57460"
48,Kings,Active,"30729","9935",422,48,61,711,2,0,7,"10625","52540"
48,Kings,Inactive,"1843",578,21,0,10,60,0,0,2,831,"3345"
48,Kings,Total,"32572","10513",443,48,71,771,2,0,9,"11456","55885"
48,District Total,Active,"30729","9935",422,48,61,711,2,0,7,"10625","52540"
48,District Total,Inactive,"1843",578,21,0,10,60,0,0,2,831,"3345"
48,District Total,Total,"32572","10513",443,48,71,771,2,0,9,"11456","55885"
49,Kings,Active,"23158","6539",277,55,137,963,17,1,12,"14563","45722"
49,Kings,Inactive,"1789",589,26,8,18,101,0,0,2,"1028","3561"
49,Kings,Total,"24947","7128",303,63,155,"1064",17,1,14,"15591","49283"
49,District Total,Active,"23158","6539",277,55,137,963,17,1,12,"14563","45722"
49,District Total,Inactive,"1789",589,26,8,18,101,0,0,2,"1028","3561"
49,District Total,Total,"24947","7128",303,63,155,"1064",17,1,14,"15591","49283"
50,Kings,Active,"53508","4860",165,365,209,"1773",14,0,63,"13306","74263"
50,Kings,Inactive,"5311",520,16,46,32,269,1,0,9,"1680","7884"
50,Kings,Total,"58819","5380",181,411,241,"2042",15,0,72,"14986","82147"
50,District Total,Active,"53508","4860",165,365,209,"1773",14,0,63,"13306","74263"
50,District Total,Inactive,"5311",520,16,46,32,269,1,0,9,"1680","7884"
50,District Total,Total,"58819","5380",181,411,241,"2042",15,0,72,"14986","82147"
51,Kings,Active,"37519","4534",220,164,266,"1280",24,3,26,"12061","56097"
51,Kings,Inactive,"3423",494,24,22,28,147,0,0,1,"1111","5250"
51,Kings,Total,"40942","5028",244,186,294,"1427",24,3,27,"13172","61347"
51,District Total,Active,"37519","4534",220,164,266,"1280",24,3,26,"12061","56097"
51,District Total,Inactive,"3423",494,24,22,28,147,0,0,1,"1111","5250"
51,District Total,Total,"40942","5028",244,186,294,"1427",24,3,27,"13172","61347"
52,Kings,Active,"67748","5458",112,316,376,"2467",13,0,51,"16757","93298"
52,Kings,Inactive,"7462",819,22,56,55,421,0,0,9,"2414","11258"
52,Kings,Total,"75210","6277",134,372,431,"2888",13,0,60,"19171","104556"
52,District Total,Active,"67748","5458",112,316,376,"2467",13,0,51,"16757","93298"
52,District Total,Inactive,"7462",819,22,56,55,421,0,0,9,"2414","11258"
52,District Total,Total,"75210","6277",134,372,431,"2888",13,0,60,"19171","104556"
53,Kings,Active,"55191","3137",119,230,327,"1491",23,3,44,"12484","73049"
53,Kings,Inactive,"5310",427,24,48,30,194,0,0,2,"1475","7510"
53,Kings,Total,"60501","3564",143,278,357,"1685",23,3,46,"13959","80559"
53,District Total,Active,"55191","3137",119,230,327,"1491",23,3,44,"12484","73049"
53,District Total,Inactive,"5310",427,24,48,30,194,0,0,2,"1475","7510"
53,District Total,Total,"60501","3564",143,278,357,"1685",23,3,46,"13959","80559"
54,Kings,Active,"51290","3141",143,101,346,"1156",29,3,22,"10931","67162"
54,Kings,Inactive,"4235",289,16,10,56,112,0,0,2,923,"5643"
54,Kings,Total,"55525","3430",159,111,402,"1268",29,3,24,"11854","72805"
54,District Total,Active,"51290","3141",143,101,346,"1156",29,3,22,"10931","67162"
54,District Total,Inactive,"4235",289,16,10,56,112,0,0,2,923,"5643"
54,District Total,Total,"55525","3430",159,111,402,"1268",29,3,24,"11854","72805"
55,Kings,Active,"57563","2332",106,66,367,"1208",21,0,10,"8734","70407"
55,Kings,Inactive,"6378",319,15,14,52,184,0,0,2,"1125","8089"
55,Kings,Total,"63941","2651",121,80,419,"1392",21,0,12,"9859","78496"
55,District Total,Active,"57563","2332",106,66,367,"1208",21,0,10,"8734","70407"
55,District Total,Inactive,"6378",319,15,14,52,184,0,0,2,"1125","8089"
55,District Total,Total,"63941","2651",121,80,419,"1392",21,0,12,"9859","78496"
56,Kings,Active,"64393","2223",110,150,416,"1613",25,1,13,"9939","78883"
56,Kings,Inactive,"6929",321,14,13,69,203,0,0,2,"1248","8799"
56,Kings,Total,"71322","2544",124,163,485,"1816",25,1,15,"11187","87682"
56,District Total,Active,"64393","2223",110,150,416,"1613",25,1,13,"9939","78883"
56,District Total,Inactive,"6929",321,14,13,69,203,0,0,2,"1248","8799"
56,District Total,Total,"71322","2544",124,163,485,"1816",25,1,15,"11187","87682"
57,Kings,Active,"71144","2669",89,306,504,"1963",14,1,40,"13509","90239"
57,Kings,Inactive,"7748",403,12,52,80,352,0,0,9,"2040","10696"
57,Kings,Total,"78892","3072",101,358,584,"2315",14,1,49,"15549","100935"
57,District Total,Active,"71144","2669",89,306,504,"1963",14,1,40,"13509","90239"
57,District Total,Inactive,"7748",403,12,52,80,352,0,0,9,"2040","10696"
57,District Total,Total,"78892","3072",101,358,584,"2315",14,1,49,"15549","100935"
58,Kings,Active,"59901","2097",127,31,177,"1307",4,1,7,"8158","71810"
58,Kings,Inactive,"3959",200,14,0,19,103,0,0,0,658,"4953"
58,Kings,Total,"63860","2297",141,31,196,"1410",4,1,7,"8816","76763"
58,District Total,Active,"59901","2097",127,31,177,"1307",4,1,7,"8158","71810"
58,District Total,Inactive,"3959",200,14,0,19,103,0,0,0,658,"4953"
58,District Total,Total,"63860","2297",141,31,196,"1410",4,1,7,"8816","76763"
59,Kings,Active,"51629","8377",430,54,189,"1671",10,2,9,"10903","73274"
59,Kings,Inactive,"2545",384,28,4,11,84,0,0,1,586,"3643"
59,Kings,Total,"54174","8761",458,58,200,"1755",10,2,10,"11489","76917"
59,District Total,Active,"51629","8377",430,54,189,"1671",10,2,9,"10903","73274"
59,District Total,Inactive,"2545",384,28,4,11,84,0,0,1,586,"3643"
59,District Total,Total,"54174","8761",458,58,200,"1755",10,2,10,"11489","76917"
60,Kings,Active,"61195","2680",128,32,377,"1177",14,0,4,"8776","74383"
60,Kings,Inactive,"5142",297,12,3,33,121,0,0,0,887,"6495"
60,Kings,Total,"66337","2977",140,35,410,"1298",14,0,4,"9663","80878"
60,District Total,Active,"61195","2680",128,32,377,"1177",14,0,4,"8776","74383"
60,District Total,Inactive,"5142",297,12,3,33,121,0,0,0,887,"6495"
60,District Total,Total,"66337","2977",140,35,410,"1298",14,0,4,"9663","80878"
61,Richmond,Active,"41942","10816",789,115,371,"2324",19,2,32,"12844","69254"
61,Richmond,Inactive,"3238",721,33,9,45,208,0,0,3,"1056","5313"
61,Richmond,Total,"45180","11537",822,124,416,"2532",19,2,35,"13900","74567"
61,District Total,Active,"41942","10816",789,115,371,"2324",19,2,32,"12844","69254"
61,District Total,Inactive,"3238",721,33,9,45,208,0,0,3,"1056","5313"
61,District Total,Total,"45180","11537",822,124,416,"2532",19,2,35,"13900","74567"
62,Richmond,Active,"26237","32844","1552",92,259,"2937",7,14,34,"16997","80973"
62,Richmond,Inactive,"1478","1602",80,7,22,170,0,0,3,903,"4265"
62,Richmond,Total,"27715","34446","1632",99,281,"3107",7,14,37,"17900","85238"
62,District Total,Active,"26237","32844","1552",92,259,"2937",7,14,34,"16997","80973"
62,District Total,Inactive,"1478","1602",80,7,22,170,0,0,3,903,"4265"
62,District Total,Total,"27715","34446","1632",99,281,"3107",7,14,37,"17900","85238"
63,Richmond,Active,"34914","19780","1012",103,300,"2445",11,1,35,"16466","75067"
63,Richmond,Inactive,"2392","1148",69,12,16,178,0,0,1,"1077","4893"
63,Richmond,Total,"37306","20928","1081",115,316,"2623",11,1,36,"17543","79960"
63,District Total,Active,"34914","19780","1012",103,300,"2445",11,1,35,"16466","75067"
63,District Total,Inactive,"2392","1148",69,12,16,178,0,0,1,"1077","4893"
63,District Total,Total,"37306","20928","1081",115,316,"2623",11,1,36,"17543","79960"
64,Kings,Active,"8495","3333",185,53,47,566,3,0,13,"3964","16659"
64,Kings,Inactive,787,288,15,8,2,49,0,1,1,378,"1529"
64,Kings,Total,"9282","3621",200,61,49,615,3,1,14,"4342","18188"
64,Richmond,Active,"21955","17784","1080",70,208,"1972",14,5,23,"12882","55993"
64,Richmond,Inactive,"1548","1055",72,4,23,149,0,0,1,904,"3756"
64,Richmond,Total,"23503","18839","1152",74,231,"2121",14,5,24,"13786","59749"
64,District Total,Active,"30450","21117","1265",123,255,"2538",17,5,36,"16846","72652"
64,District Total,Inactive,"2335","1343",87,12,25,198,0,1,2,"1282","5285"
64,District Total,Total,"32785","22460","1352",135,280,"2736",17,6,38,"18128","77937"
65,New York,Active,"47407","6963",143,157,155,"1953",17,6,63,"16636","73500"
65,New York,Inactive,"5685","1295",21,21,15,405,0,0,12,"2522","9976"
65,New York,Total,"53092","8258",164,178,170,"2358",17,6,75,"19158","83476"
65,District Total,Active,"47407","6963",143,157,155,"1953",17,6,63,"16636","73500"
65,District Total,Inactive,"5685","1295",21,21,15,405,0,0,12,"2522","9976"
65,District Total,Total,"53092","8258",164,178,170,"2358",17,6,75,"19158","83476"
66,New York,Active,"52441","8477",118,206,96,"2726",8,2,80,"17524","81678"
66,New York,Inactive,"7305","1858",21,47,16,635,0,0,10,"3328","13220"
66,New York,Total,"59746","10335",139,253,112,"3361",8,2,90,"20852","94898"
66,District Total,Active,"52441","8477",118,206,96,"2726",8,2,80,"17524","81678"
66,District Total,Inactive,"7305","1858",21,47,16,635,0,0,10,"3328","13220"
66,District Total,Total,"59746","10335",139,253,112,"3361",8,2,90,"20852","94898"
67,New York,Active,"57490","9478",130,119,91,"2779",14,1,45,"18023","88170"
67,New York,Inactive,"7796","2216",18,20,18,690,0,0,11,"3395","14164"
67,New York,Total,"65286","11694",148,139,109,"3469",14,1,56,"21418","102334"
67,District Total,Active,"57490","9478",130,119,91,"2779",14,1,45,"18023","88170"
67,District Total,Inactive,"7796","2216",18,20,18,690,0,0,11,"3395","14164"
67,District Total,Total,"65286","11694",148,139,109,"3469",14,1,56,"21418","102334"
68,New York,Active,"59727","4507",143,95,314,"1823",23,3,25,"11688","78348"
68,New York,Inactive,"8157",746,24,16,51,345,1,0,3,"1850","11193"
68,New York,Total,"67884","5253",167,111,365,"2168",24,3,28,"13538","89541"
68,District Total,Active,"59727","4507",143,95,314,"1823",23,3,25,"11688","78348"
68,District Total,Inactive,"8157",746,24,16,51,345,1,0,3,"1850","11193"
68,District Total,Total,"67884","5253",167,111,365,"2168",24,3,28,"13538","89541"
69,New York,Active,"64534","5383",126,210,171,"1993",19,0,26,"13784","86246"
69,New York,Inactive,"7958","1039",13,27,32,458,0,0,10,"2547","12084"
69,New York,Total,"72492","6422",139,237,203,"2451",19,0,36,"16331","98330"
69,District Total,Active,"64534","5383",126,210,171,"1993",19,0,26,"13784","86246"
69,District Total,Inactive,"7958","1039",13,27,32,458,0,0,10,"2547","12084"
69,District Total,Total,"72492","6422",139,237,203,"2451",19,0,36,"16331","98330"
70,New York,Active,"68484","2738",82,188,261,"2006",19,3,36,"11262","85079"
70,New York,Inactive,"8139",472,11,25,61,342,1,0,3,"1660","10714"
70,New York,Total,"76623","3210",93,213,322,"2348",20,3,39,"12922","95793"
70,District Total,Active,"68484","2738",82,188,261,"2006",19,3,36,"11262","85079"
70,District Total,Inactive,"8139",472,11,25,61,342,1,0,3,"1660","10714"
70,District Total,Total,"76623","3210",93,213,322,"2348",20,3,39,"12922","95793"
71,New York,Active,"67040","3479",151,202,259,"1815",29,5,32,"11604","84616"
71,New York,Inactive,"7569",568,19,43,38,323,0,0,7,"1810","10377"
71,New York,Total,"74609","4047",170,245,297,"2138",29,5,39,"13414","94993"
71,District Total,Active,"67040","3479",151,202,259,"1815",29,5,32,"11604","84616"
71,District Total,Inactive,"7569",568,19,43,38,323,0,0,7,"1810","10377"
71,District Total,Total,"74609","4047",170,245,297,"2138",29,5,39,"13414","94993"
72,New York,Active,"61522","3557",155,162,207,"1321",33,0,24,"10695","77676"
72,New York,Inactive,"6076",594,25,12,32,195,0,0,4,"1489","8427"
72,New York,Total,"67598","4151",180,174,239,"1516",33,0,28,"12184","86103"
72,District Total,Active,"61522","3557",155,162,207,"1321",33,0,24,"10695","77676"
72,District Total,Inactive,"6076",594,25,12,32,195,0,0,4,"1489","8427"
72,District Total,Total,"67598","4151",180,174,239,"1516",33,0,28,"12184","86103"
73,New York,Active,"44559","17142",176,107,43,"3437",11,5,38,"19685","85203"
73,New York,Inactive,"5342","2607",24,14,5,583,0,0,12,"2980","11567"
73,New York,Total,"49901","19749",200,121,48,"4020",11,5,50,"22665","96770"
73,District Total,Active,"44559","17142",176,107,43,"3437",11,5,38,"19685","85203"
73,District Total,Inactive,"5342","2607",24,14,5,583,0,0,12,"2980","11567"
73,District Total,Total,"49901","19749",200,121,48,"4020",11,5,50,"22665","96770"
74,New York,Active,"52604","7779",169,200,167,"2435",13,6,62,"16096","79531"
74,New York,Inactive,"6890","1597",39,37,26,561,0,0,14,"2791","11955"
74,New York,Total,"59494","9376",208,237,193,"2996",13,6,76,"18887","91486"
74,District Total,Active,"52604","7779",169,200,167,"2435",13,6,62,"16096","79531"
74,District Total,Inactive,"6890","1597",39,37,26,561,0,0,14,"2791","11955"
74,District Total,Total,"59494","9376",208,237,193,"2996",13,6,76,"18887","91486"
75,New York,Active,"54119","9543",141,195,140,"2952",16,4,59,"18302","85471"
75,New York,Inactive,"7795","2076",31,36,28,648,0,0,15,"3288","13917"
75,New York,Total,"61914","11619",172,231,168,"3600",16,4,74,"21590","99388"
75,District Total,Active,"54119","9543",141,195,140,"2952",16,4,59,"18302","85471"
75,District Total,Inactive,"7795","2076",31,36,28,648,0,0,15,"3288","13917"
75,District Total,Total,"61914","11619",172,231,168,"3600",16,4,74,"21590","99388"
76,New York,Active,"44574","13251",200,106,65,"3225",7,2,51,"18102","79583"
76,New York,Inactive,"6832","2618",39,22,12,732,0,0,13,"3437","13705"
76,New York,Total,"51406","15869",239,128,77,"3957",7,2,64,"21539","93288"
76,District Total,Active,"44574","13251",200,106,65,"3225",7,2,51,"18102","79583"
76,District Total,Inactive,"6832","2618",39,22,12,732,0,0,13,"3437","13705"
76,District Total,Total,"51406","15869",239,128,77,"3957",7,2,64,"21539","93288"
77,Bronx,Active,"49579","2274",139,55,234,980,32,2,4,"7835","61134"
77,Bronx,Inactive,"6217",372,21,4,43,179,2,0,1,"1197","8036"
77,Bronx,Total,"55796","2646",160,59,277,"1159",34,2,5,"9032","69170"
77,District Total,Active,"49579","2274",139,55,234,980,32,2,4,"7835","61134"
77,District Total,Inactive,"6217",372,21,4,43,179,2,0,1,"1197","8036"
77,District Total,Total,"55796","2646",160,59,277,"1159",34,2,5,"9032","69170"
78,Bronx,Active,"40289","2458",154,55,207,981,15,1,13,"7686","51859"
78,Bronx,Inactive,"5882",486,25,11,46,180,1,0,3,"1387","8021"
78,Bronx,Total,"46171","2944",179,66,253,"1161",16,1,16,"9073","59880"
78,District Total,Active,"40289","2458",154,55,207,981,15,1,13,"7686","51859"
78,District Total,Inactive,"5882",486,25,11,46,180,1,0,3,"1387","8021"
78,District Total,Total,"46171","2944",179,66,253,"1161",16,1,16,"9073","59880"
79,Bronx,Active,"55890","2408",204,40,324,"1113",30,2,6,"8775","68792"
79,Bronx,Inactive,"7021",405,24,8,57,176,5,0,0,"1327","9023"
79,Bronx,Total,"62911","2813",228,48,381,"1289",35,2,6,"10102","77815"
79,District Total,Active,"55890","2408",204,40,324,"1113",30,2,6,"8775","68792"
79,District Total,Inactive,"7021",405,24,8,57,176,5,0,0,"1327","9023"
79,District Total,Total,"62911","2813",228,48,381,"1289",35,2,6,"10102","77815"
80,Bronx,Active,"41829","5103",346,60,194,"1390",19,1,16,"9374","58332"
80,Bronx,Inactive,"5435",703,53,7,32,208,1,0,3,"1323","7765"
80,Bronx,Total,"47264","5806",399,67,226,"1598",20,1,19,"10697","66097"
80,District Total,Active,"41829","5103",346,60,194,"1390",19,1,16,"9374","58332"
80,District Total,Inactive,"5435",703,53,7,32,208,1,0,3,"1323","7765"
80,District Total,Total,"47264","5806",399,67,226,"1598",20,1,19,"10697","66097"
81,Bronx,Active,"48727","5886",328,123,198,"1829",12,3,23,"11096","68225"
81,Bronx,Inactive,"6347",926,54,8,33,269,0,0,2,"1848","9487"
81,Bronx,Total,"55074","6812",382,131,231,"2098",12,3,25,"12944","77712"
81,District Total,Active,"48727","5886",328,123,198,"1829",12,3,23,"11096","68225"
81,District Total,Inactive,"6347",926,54,8,33,269,0,0,2,"1848","9487"
81,District Total,Total,"55074","6812",382,131,231,"2098",12,3,25,"12944","77712"
82,Bronx,Active,"48897","9123",803,84,259,"1954",15,1,19,"11166","72321"
82,Bronx,Inactive,"5207",960,97,7,42,244,0,0,3,"1217","7777"
82,Bronx,Total,"54104","10083",900,91,301,"2198",15,1,22,"12383","80098"
82,District Total,Active,"48897","9123",803,84,259,"1954",15,1,19,"11166","72321"
82,District Total,Inactive,"5207",960,97,7,42,244,0,0,3,"1217","7777"
82,District Total,Total,"54104","10083",900,91,301,"2198",15,1,22,"12383","80098"
83,Bronx,Active,"52798","2140",155,39,236,"1284",15,1,8,"7970","64646"
83,Bronx,Inactive,"5946",298,21,4,34,172,0,0,3,"1001","7479"
83,Bronx,Total,"58744","2438",176,43,270,"1456",15,1,11,"8971","72125"
83,District Total,Active,"52798","2140",155,39,236,"1284",15,1,8,"7970","64646"
83,District Total,Inactive,"5946",298,21,4,34,172,0,0,3,"1001","7479"
83,District Total,Total,"58744","2438",176,43,270,"1456",15,1,11,"8971","72125"
84,Bronx,Active,"50497","2465",206,68,320,"1024",30,2,8,"8771","63391"
84,Bronx,Inactive,"6483",396,21,9,53,168,0,0,4,"1278","8412"
84,Bronx,Total,"56980","2861",227,77,373,"1192",30,2,12,"10049","71803"
84,District Total,Active,"50497","2465",206,68,320,"1024",30,2,8,"8771","63391"
84,District Total,Inactive,"6483",396,21,9,53,168,0,0,4,"1278","8412"
84,District Total,Total,"56980","2861",227,77,373,"1192",30,2,12,"10049","71803"
85,Bronx,Active,"47507","2439",265,35,297,974,19,1,3,"7796","59336"
85,Bronx,Inactive,"5966",356,47,4,60,146,1,0,0,"1139","7719"
85,Bronx,Total,"53473","2795",312,39,357,"1120",20,1,3,"8935","67055"
85,District Total,Active,"47507","2439",265,35,297,974,19,1,3,"7796","59336"
85,District Total,Inactive,"5966",356,47,4,60,146,1,0,0,"1139","7719"
85,District Total,Total,"53473","2795",312,39,357,"1120",20,1,3,"8935","67055"
86,Bronx,Active,"45452","2297",156,58,241,829,30,3,4,"7766","56836"
86,Bronx,Inactive,"6149",413,14,8,68,151,1,0,0,"1259","8063"
86,Bronx,Total,"51601","2710",170,66,309,980,31,3,4,"9025","64899"
86,District Total,Active,"45452","2297",156,58,241,829,30,3,4,"7766","56836"
86,District Total,Inactive,"6149",413,14,8,68,151,1,0,0,"1259","8063"
86,District Total,Total,"51601","2710",170,66,309,980,31,3,4,"9025","64899"
87,Bronx,Active,"51625","3044",213,56,254,"1243",19,2,8,"9506","65970"
87,Bronx,Inactive,"7465",542,61,7,47,217,0,0,2,"1440","9781"
87,Bronx,Total,"59090","3586",274,63,301,"1460",19,2,10,"10946","75751"
87,District Total,Active,"51625","3044",213,56,254,"1243",19,2,8,"9506","65970"
87,District Total,Inactive,"7465",542,61,7,47,217,0,0,2,"1440","9781"
87,District Total,Total,"59090","3586",274,63,301,"1460",19,2,10,"10946","75751"
88,Westchester,Active,"41320","22771",827,108,146,"3111",11,0,24,"22226","90544"
88,Westchester,Inactive,"3139","1708",50,18,8,283,0,0,4,"1918","7128"
88,Westchester,Total,"44459","24479",877,126,154,"3394",11,0,28,"24144","97672"
88,District Total,Active,"41320","22771",827,108,146,"3111",11,0,24,"22226","90544"
88,District Total,Inactive,"3139","1708",50,18,8,283,0,0,4,"1918","7128"
88,District Total,Total,"44459","24479",877,126,154,"3394",11,0,28,"24144","97672"
89,Westchester,Active,"49905","6688",676,57,298,"1818",19,4,7,"12132","71604"
89,Westchester,Inactive,"4856",791,59,8,56,226,0,0,0,"1340","7336"
89,Westchester,Total,"54761","7479",735,65,354,"2044",19,4,7,"13472","78940"
89,District Total,Active,"49905","6688",676,57,298,"1818",19,4,7,"12132","71604"
89,District Total,Inactive,"4856",791,59,8,56,226,0,0,0,"1340","7336"
89,District Total,Total,"54761","7479",735,65,354,"2044",19,4,7,"13472","78940"
90,Westchester,Active,"37868","16892","2072",84,284,"2920",17,2,15,"16122","76276"
90,Westchester,Inactive,"3372","1362",146,8,47,276,0,0,1,"1394","6606"
90,Westchester,Total,"41240","18254","2218",92,331,"3196",17,2,16,"17516","82882"
90,District Total,Active,"37868","16892","2072",84,284,"2920",17,2,15,"16122","76276"
90,District Total,Inactive,"3372","1362",146,8,47,276,0,0,1,"1394","6606"
90,District Total,Total,"41240","18254","2218",92,331,"3196",17,2,16,"17516","82882"
91,Westchester,Active,"33486","16535","1195",119,169,"3044",9,1,26,"19537","74121"
91,Westchester,Inactive,"3259","1732",109,5,13,356,0,0,1,"2010","7485"
91,Westchester,Total,"36745","18267","1304",124,182,"3400",9,1,27,"21547","81606"
91,District Total,Active,"33486","16535","1195",119,169,"3044",9,1,26,"19537","74121"
91,District Total,Inactive,"3259","1732",109,5,13,356,0,0,1,"2010","7485"
91,District Total,Total,"36745","18267","1304",124,182,"3400",9,1,27,"21547","81606"
92,Westchester,Active,"43910","19762",887,153,169,"3370",9,2,26,"23330","91618"
92,Westchester,Inactive,"3319","1627",69,12,22,275,0,0,3,"2029","7356"
92,Westchester,Total,"47229","21389",956,165,191,"3645",9,2,29,"25359","98974"
92,District Total,Active,"43910","19762",887,153,169,"3370",9,2,26,"23330","91618"
92,District Total,Inactive,"3319","1627",69,12,22,275,0,0,3,"2029","7356"
92,District Total,Total,"47229","21389",956,165,191,"3645",9,2,29,"25359","98974"
93,Westchester,Active,"36606","24274",999,168,119,"3678",14,3,27,"24145","90033"
93,Westchester,Inactive,"3323","2139",75,22,14,416,0,0,3,"2338","8330"
93,Westchester,Total,"39929","26413","1074",190,133,"4094",14,3,30,"26483","98363"
93,District Total,Active,"36606","24274",999,168,119,"3678",14,3,27,"24145","90033"
93,District Total,Inactive,"3323","2139",75,22,14,416,0,0,3,"2338","8330"
93,District Total,Total,"39929","26413","1074",190,133,"4094",14,3,30,"26483","98363"
94,Putnam,Active,"13056","17245","1466",112,152,"2935",6,9,34,"12336","47351"
94,Putnam,Inactive,"1115","1346",132,6,9,266,0,0,5,"1109","3988"
94,Putnam,Total,"14171","18591","1598",118,161,"3201",6,9,39,"13445","51339"
94,Westchester,Active,"13964","13796",799,70,86,"1977",4,1,26,"10676","41399"
94,Westchester,Inactive,"1113","1045",55,4,3,170,0,0,1,947,"3338"
94,Westchester,Total,"15077","14841",854,74,89,"2147",4,1,27,"11623","44737"
94,District Total,Active,"27020","31041","2265",182,238,"4912",10,10,60,"23012","88750"
94,District Total,Inactive,"2228","2391",187,10,12,436,0,0,6,"2056","7326"
94,District Total,Total,"29248","33432","2452",192,250,"5348",10,10,66,"25068","96076"
95,Putnam,Active,"5448","4680",464,42,65,854,3,4,8,"3975","15543"
95,Putnam,Inactive,484,367,35,5,6,75,0,0,1,396,"1369"
95,Putnam,Total,"5932","5047",499,47,71,929,3,4,9,"4371","16912"
95,Westchester,Active,"29108","13358",901,170,218,"2742",12,1,21,"15965","62496"
95,Westchester,Inactive,"2391","1193",93,13,25,225,0,0,1,"1481","5422"
95,Westchester,Total,"31499","14551",994,183,243,"2967",12,1,22,"17446","67918"
95,District Total,Active,"34556","18038","1365",212,283,"3596",15,5,29,"19940","78039"
95,District Total,Inactive,"2875","1560",128,18,31,300,0,0,2,"1877","6791"
95,District Total,Total,"37431","19598","1493",230,314,"3896",15,5,31,"21817","84830"
96,Rockland,Active,"39882","19317","2026",137,564,"3645",10,101,3,"19946","85631"
96,Rockland,Inactive,"2843","1349",116,15,36,342,1,1,0,"1593","6296"
96,Rockland,Total,"42725","20666","2142",152,600,"3987",11,102,3,"21539","91927"
96,District Total,Active,"39882","19317","2026",137,564,"3645",10,101,3,"19946","85631"
96,District Total,Inactive,"2843","1349",116,15,36,342,1,1,0,"1593","6296"
96,District Total,Total,"42725","20666","2142",152,600,"3987",11,102,3,"21539","91927"
97,Rockland,Active,"36343","17579","1232",131,244,"3406",16,5,3,"17992","76951"
97,Rockland,Inactive,"2742","1176",82,20,20,269,0,0,0,"1445","5754"
97,Rockland,Total,"39085","18755","1314",151,264,"3675",16,5,3,"19437","82705"
97,District Total,Active,"36343","17579","1232",131,244,"3406",16,5,3,"17992","76951"
97,District Total,Inactive,"2742","1176",82,20,20,269,0,0,0,"1445","5754"
97,District Total,Total,"39085","18755","1314",151,264,"3675",16,5,3,"19437","82705"
98,Orange,Active,"19951","22492","1553",287,439,"4101",18,13,46,"14137","63037"
98,Orange,Inactive,"1566","1574",82,23,27,324,0,0,5,"1354","4955"
98,Orange,Total,"21517","24066","1635",310,466,"4425",18,13,51,"15491","67992"
98,Rockland,Active,"8499","4344",290,46,60,546,3,11,0,"3730","17529"
98,Rockland,Inactive,408,254,12,5,2,35,0,0,0,255,971
98,Rockland,Total,"8907","4598",302,51,62,581,3,11,0,"3985","18500"
98,District Total,Active,"28450","26836","1843",333,499,"4647",21,24,46,"17867","80566"
98,District Total,Inactive,"1974","1828",94,28,29,359,0,0,5,"1609","5926"
98,District Total,Total,"30424","28664","1937",361,528,"5006",21,24,51,"19476","86492"
99,Orange,Active,"24641","23781","1445",156,279,"3676",14,8,60,"17854","71914"
99,Orange,Inactive,"2042","1820",105,28,32,393,1,1,6,"1641","6069"
99,Orange,Total,"26683","25601","1550",184,311,"4069",15,9,66,"19495","77983"
99,Rockland,Active,"3760","3099",321,17,56,502,3,0,0,"2862","10620"
99,Rockland,Inactive,234,198,11,2,1,37,0,0,0,160,643
99,Rockland,Total,"3994","3297",332,19,57,539,3,0,0,"3022","11263"
99,District Total,Active,"28401","26880","1766",173,335,"4178",17,8,60,"20716","82534"
99,District Total,Inactive,"2276","2018",116,30,33,430,1,1,6,"1801","6712"
99,District Total,Total,"30677","28898","1882",203,368,"4608",18,9,66,"22517","89246"
100,Orange,Active,"14780","7916",544,64,178,"1631",4,2,13,"7786","32918"
100,Orange,Inactive,"1428",685,46,15,29,176,0,0,1,828,"3208"
100,Orange,Total,"16208","8601",590,79,207,"1807",4,2,14,"8614","36126"
100,Sullivan,Active,"16608","11857","1002",139,228,"2291",13,2,34,"10910","43084"
100,Sullivan,Inactive,"3067","1393",116,28,57,393,0,1,2,"1844","6901"
100,Sullivan,Total,"19675","13250","1118",167,285,"2684",13,3,36,"12754","49985"
100,District Total,Active,"31388","19773","1546",203,406,"3922",17,4,47,"18696","76002"
100,District Total,Inactive,"4495","2078",162,43,86,569,0,1,3,"2672","10109"
100,District Total,Total,"35883","21851","1708",246,492,"4491",17,5,50,"21368","86111"
101,Delaware,Active,"1969","2933",114,41,23,442,1,1,5,"1379","6908"
101,Delaware,Inactive,264,202,9,2,6,44,0,0,2,204,733
101,Delaware,Total,"2233","3135",123,43,29,486,1,1,7,"1583","7641"
101,Herkimer,Active,"4233","6813",277,53,67,986,0,17,4,"2802","15252"
101,Herkimer,Inactive,333,434,19,4,9,113,0,0,2,280,"1194"
101,Herkimer,Total,"4566","7247",296,57,76,"1099",0,17,6,"3082","16446"
101,Oneida,Active,"5734","7385",251,35,27,"1056",1,1,9,"3314","17813"
101,Oneida,Inactive,504,554,23,7,3,141,0,0,1,348,"1581"
101,Oneida,Total,"6238","7939",274,42,30,"1197",1,1,10,"3662","19394"
101,Orange,Active,"5742","7283",406,45,83,"1192",4,3,20,"4837","19615"
101,Orange,Inactive,461,499,30,6,8,129,0,0,3,397,"1533"
101,Orange,Total,"6203","7782",436,51,91,"1321",4,3,23,"5234","21148"
101,Otsego,Active,989,"1686",58,17,24,235,1,0,6,778,"3794"
101,Otsego,Inactive,93,110,10,2,5,27,0,0,1,84,332
101,Otsego,Total,"1082","1796",68,19,29,262,1,0,7,862,"4126"
101,Sullivan,Active,716,818,73,11,6,127,0,0,2,741,"2494"
101,Sullivan,Inactive,72,82,4,1,1,10,0,0,0,70,240
101,Sullivan,Total,788,900,77,12,7,137,0,0,2,811,"2734"
101,Ulster,Active,"4238","4354",321,47,83,736,1,1,9,"3750","13540"
101,Ulster,Inactive,531,420,32,11,16,87,1,0,1,517,"1616"
101,Ulster,Total,"4769","4774",353,58,99,823,2,1,10,"4267","15156"
101,District Total,Active,"23621","31272","1500",249,313,"4774",8,23,55,"17601","79416"
101,District Total,Inactive,"2258","2301",127,33,48,551,1,0,10,"1900","7229"
101,District Total,Total,"25879","33573","1627",282,361,"5325",9,23,65,"19501","86645"
102,Albany,Active,"3202","1653",350,21,29,569,3,3,1,"2282","8113"
102,Albany,Inactive,276,120,52,4,3,51,0,0,0,174,680
102,Albany,Total,"3478","1773",402,25,32,620,3,3,1,"2456","8793"
102,Columbia,Active,821,887,134,4,14,210,0,0,4,927,"3001"
102,Columbia,Inactive,54,26,8,0,2,24,0,0,0,65,179
102,Columbia,Total,875,913,142,4,16,234,0,0,4,992,"3180"
102,Delaware,Active,"1982","2743",124,22,20,460,0,1,5,"1509","6866"
102,Delaware,Inactive,175,210,14,3,5,63,0,0,2,204,676
102,Delaware,Total,"2157","2953",138,25,25,523,0,1,7,"1713","7542"
102,Greene,Active,"7075","11641",816,150,145,"1914",5,1,1,"7568","29316"
102,Greene,Inactive,910,"1116",87,25,20,273,0,0,0,"1064","3495"
102,Greene,Total,"7985","12757",903,175,165,"2187",5,1,1,"8632","32811"
102,Otsego,Active,815,"1155",54,11,10,194,0,0,2,549,"2790"
102,Otsego,Inactive,67,90,5,1,1,23,0,0,1,88,276
102,Otsego,Total,882,"1245",59,12,11,217,0,0,3,637,"3066"
102,Schoharie,Active,"4776","7165",542,62,81,"1215",2,0,19,"4389","18251"
102,Schoharie,Inactive,625,778,56,14,21,216,0,0,4,718,"2432"
102,Schoharie,Total,"5401","7943",598,76,102,"1431",2,0,23,"5107","20683"
102,Ulster,Active,"3857","3261",430,66,69,755,2,0,6,"4153","12599"
102,Ulster,Inactive,337,198,28,9,4,61,0,0,0,330,967
102,Ulster,Total,"4194","3459",458,75,73,816,2,0,6,"4483","13566"
102,District Total,Active,"22528","28505","2450",336,368,"5317",12,5,38,"21377","80936"
102,District Total,Inactive,"2444","2538",250,56,56,711,0,0,7,"2643","8705"
102,District Total,Total,"24972","31043","2700",392,424,"6028",12,5,45,"24020","89641"
103,Dutchess,Active,"5295","3169",185,67,43,732,1,0,9,"3442","12943"
103,Dutchess,Inactive,670,263,13,17,2,91,0,0,3,484,"1543"
103,Dutchess,Total,"5965","3432",198,84,45,823,1,0,12,"3926","14486"
103,Ulster,Active,"30091","16650","1500",527,399,"3804",21,2,66,"23235","76295"
103,Ulster,Inactive,"2983","1261",117,56,56,401,0,0,19,"2579","7472"
103,Ulster,Total,"33074","17911","1617",583,455,"4205",21,2,85,"25814","83767"
103,District Total,Active,"35386","19819","1685",594,442,"4536",22,2,75,"26677","89238"
103,District Total,Inactive,"3653","1524",130,73,58,492,0,0,22,"3063","9015"
103,District Total,Total,"39039","21343","1815",667,500,"5028",22,2,97,"29740","98253"
104,Dutchess,Active,"11866","3493",251,74,162,"1081",6,2,16,"5437","22388"
104,Dutchess,Inactive,"2151",495,39,15,40,194,1,0,2,957,"3894"
104,Dutchess,Total,"14017","3988",290,89,202,"1275",7,2,18,"6394","26282"
104,Orange,Active,"13936","8229",379,72,151,"1215",14,2,15,"6032","30045"
104,Orange,Inactive,"1473",617,33,9,29,129,0,0,1,656,"2947"
104,Orange,Total,"15409","8846",412,81,180,"1344",14,2,16,"6688","32992"
104,Ulster,Active,"3674","3992",333,47,64,717,3,0,11,"3769","12610"
104,Ulster,Inactive,357,299,25,6,7,76,0,1,3,415,"1189"
104,Ulster,Total,"4031","4291",358,53,71,793,3,1,14,"4184","13799"
104,District Total,Active,"29476","15714",963,193,377,"3013",23,4,42,"15238","65043"
104,District Total,Inactive,"3981","1411",97,30,76,399,1,1,6,"2028","8030"
104,District Total,Total,"33457","17125","1060",223,453,"3412",24,5,48,"17266","73073"
105,Dutchess,Active,"24278","29000","2021",176,316,"5240",21,31,60,"23504","84647"
105,Dutchess,Inactive,"2547","2419",141,15,43,544,0,0,6,"2406","8121"
105,Dutchess,Total,"26825","31419","2162",191,359,"5784",21,31,66,"25910","92768"
105,District Total,Active,"24278","29000","2021",176,316,"5240",21,31,60,"23504","84647"
105,District Total,Inactive,"2547","2419",141,15,43,544,0,0,6,"2406","8121"
105,District Total,Total,"26825","31419","2162",191,359,"5784",21,31,66,"25910","92768"
106,Columbia,Active,"8150","7128",632,124,139,"1589",6,1,8,"6398","24175"
106,Columbia,Inactive,684,404,49,14,20,134,0,0,3,521,"1829"
106,Columbia,Total,"8834","7532",681,138,159,"1723",6,1,11,"6919","26004"
106,Dutchess,Active,"18944","16201","1162",181,239,"3362",8,8,63,"16591","56759"
106,Dutchess,Inactive,"2077","1430",101,39,40,412,0,0,9,"1811","5919"
106,Dutchess,Total,"21021","17631","1263",220,279,"3774",8,8,72,"18402","62678"
106,District Total,Active,"27094","23329","1794",305,378,"4951",14,9,71,"22989","80934"
106,District Total,Inactive,"2761","1834",150,53,60,546,0,0,12,"2332","7748"
106,District Total,Total,"29855","25163","1944",358,438,"5497",14,9,83,"25321","88682"
107,Columbia,Active,"4827","4035",332,76,62,"1031",4,0,10,"3977","14354"
107,Columbia,Inactive,355,224,19,6,7,130,0,0,2,317,"1060"
107,Columbia,Total,"5182","4259",351,82,69,"1161",4,0,12,"4294","15414"
107,Rensselaer,Active,"18622","19359","3004",263,660,"5687",11,16,25,"21301","68948"
107,Rensselaer,Inactive,"1409","1102",186,15,61,479,0,0,5,"1662","4919"
107,Rensselaer,Total,"20031","20461","3190",278,721,"6166",11,16,30,"22963","73867"
107,Washington,Active,957,"1087",76,13,20,214,0,0,1,911,"3279"
107,Washington,Inactive,88,89,4,1,1,17,0,0,0,79,279
107,Washington,Total,"1045","1176",80,14,21,231,0,0,1,990,"3558"
107,District Total,Active,"24406","24481","3412",352,742,"6932",15,16,36,"26189","86581"
107,District Total,Inactive,"1852","1415",209,22,69,626,0,0,7,"2058","6258"
107,District Total,Total,"26258","25896","3621",374,811,"7558",15,16,43,"28247","92839"
108,Albany,Active,"25003","2359",310,101,229,"1298",21,5,38,"5520","34884"
108,Albany,Inactive,"4423",512,78,28,73,297,1,0,37,"1389","6838"
108,Albany,Total,"29426","2871",388,129,302,"1595",22,5,75,"6909","41722"
108,Rensselaer,Active,"10403","4622","1230",129,403,"1968",9,2,10,"7972","26748"
108,Rensselaer,Inactive,"1442",451,104,17,102,284,0,0,3,"1054","3457"
108,Rensselaer,Total,"11845","5073","1334",146,505,"2252",9,2,13,"9026","30205"
108,Saratoga,Active,"1514","1561",100,13,21,342,0,0,1,"1830","5382"
108,Saratoga,Inactive,144,99,14,0,0,33,0,0,0,168,458
108,Saratoga,Total,"1658","1660",114,13,21,375,0,0,1,"1998","5840"
108,District Total,Active,"36920","8542","1640",243,653,"3608",30,7,49,"15322","67014"
108,District Total,Inactive,"6009","1062",196,45,175,614,1,0,40,"2611","10753"
108,District Total,Total,"42929","9604","1836",288,828,"4222",31,7,89,"17933","77767"
109,Albany,Active,"42389","15310","1353",275,225,"4364",17,4,113,"19001","83051"
109,Albany,Inactive,"4894","1568",123,49,32,591,3,0,57,"2772","10089"
109,Albany,Total,"47283","16878","1476",324,257,"4955",20,4,170,"21773","93140"
109,District Total,Active,"42389","15310","1353",275,225,"4364",17,4,113,"19001","83051"
109,District Total,Inactive,"4894","1568",123,49,32,591,3,0,57,"2772","10089"
109,District Total,Total,"47283","16878","1476",324,257,"4955",20,4,170,"21773","93140"
110,Albany,Active,"19451","15705",833,115,115,"3120",8,2,44,"14042","53435"
110,Albany,Inactive,"1636","1061",67,13,15,293,0,0,9,"1231","4325"
110,Albany,Total,"21087","16766",900,128,130,"3413",8,2,53,"15273","57760"
110,Schenectady,Active,"13070","7203",611,103,131,"1808",10,1,29,"7898","30864"
110,Schenectady,Inactive,"1216",556,49,13,20,181,0,0,6,832,"2873"
110,Schenectady,Total,"14286","7759",660,116,151,"1989",10,1,35,"8730","33737"
110,District Total,Active,"32521","22908","1444",218,246,"4928",18,3,73,"21940","84299"
110,District Total,Inactive,"2852","1617",116,26,35,474,0,0,15,"2063","7198"
110,District Total,Total,"35373","24525","1560",244,281,"5402",18,3,88,"24003","91497"
111,Albany,Active,"1613",794,145,13,10,261,0,0,2,"1081","3919"
111,Albany,Inactive,98,43,10,2,1,10,0,0,1,81,246
111,Albany,Total,"1711",837,155,15,11,271,0,0,3,"1162","4165"
111,Montgomery,Active,"9103","9461",663,64,116,"1532",5,8,22,"6286","27260"
111,Montgomery,Inactive,903,746,78,10,33,195,0,0,2,921,"2888"
111,Montgomery,Total,"10006","10207",741,74,149,"1727",5,8,24,"7207","30148"
111,Schenectady,Active,"16697","9640","2077",116,377,"2492",19,0,33,"10164","41615"
111,Schenectady,Inactive,"1814",689,104,18,69,272,0,0,2,"1128","4096"
111,Schenectady,Total,"18511","10329","2181",134,446,"2764",19,0,35,"11292","45711"
111,District Total,Active,"27413","19895","2885",193,503,"4285",24,8,57,"17531","72794"
111,District Total,Inactive,"2815","1478",192,30,103,477,0,0,5,"2130","7230"
111,District Total,Total,"30228","21373","3077",223,606,"4762",24,8,62,"19661","80024"
112,Saratoga,Active,"19005","29741","1261",181,182,"4378",3,5,28,"19649","74433"
112,Saratoga,Inactive,"1669","2163",124,16,20,453,1,0,7,"1887","6340"
112,Saratoga,Total,"20674","31904","1385",197,202,"4831",4,5,35,"21536","80773"
112,Schenectady,Active,"6320","6946",578,52,90,"1241",5,3,10,"5393","20638"
112,Schenectady,Inactive,438,453,42,9,8,112,0,0,1,374,"1437"
112,Schenectady,Total,"6758","7399",620,61,98,"1353",5,3,11,"5767","22075"
112,District Total,Active,"25325","36687","1839",233,272,"5619",8,8,38,"25042","95071"
112,District Total,Inactive,"2107","2616",166,25,28,565,1,0,8,"2261","7777"
112,District Total,Total,"27432","39303","2005",258,300,"6184",9,8,46,"27303","102848"
113,Saratoga,Active,"18838","25600",952,200,215,"4187",5,3,20,"15457","65477"
113,Saratoga,Inactive,"1974","2105",78,30,28,524,2,0,3,"1861","6605"
113,Saratoga,Total,"20812","27705","1030",230,243,"4711",7,3,23,"17318","72082"
113,Washington,Active,"5400","8668",406,94,114,"1346",2,3,2,"4654","20689"
113,Washington,Inactive,544,656,38,8,27,190,0,0,0,595,"2058"
113,Washington,Total,"5944","9324",444,102,141,"1536",2,3,2,"5249","22747"
113,District Total,Active,"24238","34268","1358",294,329,"5533",7,6,22,"20111","86166"
113,District Total,Inactive,"2518","2761",116,38,55,714,2,0,3,"2456","8663"
113,District Total,Total,"26756","37029","1474",332,384,"6247",9,6,25,"22567","94829"
114,Essex,Active,"6503","10788",211,85,56,"1773",0,1,10,"4546","23973"
114,Essex,Inactive,838,"1123",30,24,21,309,1,0,5,821,"3172"
114,Essex,Total,"7341","11911",241,109,77,"2082",1,1,15,"5367","27145"
114,Saratoga,Active,"1084","3830",110,12,25,369,0,0,1,"1199","6630"
114,Saratoga,Inactive,111,271,16,4,4,35,0,0,1,159,601
114,Saratoga,Total,"1195","4101",126,16,29,404,0,0,2,"1358","7231"
114,Warren,Active,"10480","18949",636,188,129,"2612",4,20,3,"8673","41694"
114,Warren,Inactive,"1223","1554",53,25,25,358,0,0,2,"1262","4502"
114,Warren,Total,"11703","20503",689,213,154,"2970",4,20,5,"9935","46196"
114,Washington,Active,"2462","4966",180,26,56,681,1,0,0,"2154","10526"
114,Washington,Inactive,236,334,17,3,7,105,0,0,0,340,"1042"
114,Washington,Total,"2698","5300",197,29,63,786,1,0,0,"2494","11568"
114,District Total,Active,"20529","38533","1137",311,266,"5435",5,21,14,"16572","82823"
114,District Total,Inactive,"2408","3282",116,56,57,807,1,0,8,"2582","9317"
114,District Total,Total,"22937","41815","1253",367,323,"6242",6,21,22,"19154","92140"
115,Clinton,Active,"17003","14234",509,94,246,"3244",6,6,0,"10860","46202"
115,Clinton,Inactive,"1643","1115",40,21,35,439,0,0,0,"1544","4837"
115,Clinton,Total,"18646","15349",549,115,281,"3683",6,6,0,"12404","51039"
115,Franklin,Active,"9710","8519",340,66,103,"1640",1,3,2,"4790","25174"
115,Franklin,Inactive,931,726,42,17,27,249,0,0,2,818,"2812"
115,Franklin,Total,"10641","9245",382,83,130,"1889",1,3,4,"5608","27986"
115,St.Lawrence,Active,"1201","1045",43,8,21,184,0,0,3,657,"3162"
115,St.Lawrence,Inactive,69,63,2,1,2,13,0,0,0,62,212
115,St.Lawrence,Total,"1270","1108",45,9,23,197,0,0,3,719,"3374"
115,District Total,Active,"27914","23798",892,168,370,"5068",7,9,5,"16307","74538"
115,District Total,Inactive,"2643","1904",84,39,64,701,0,0,2,"2424","7861"
115,District Total,Total,"30557","25702",976,207,434,"5769",7,9,7,"18731","82399"
116,Jefferson,Active,"10024","13988",515,87,135,"2024",5,3,14,"7501","34296"
116,Jefferson,Inactive,"1403","1500",66,14,28,329,0,0,7,"1485","4832"
116,Jefferson,Total,"11427","15488",581,101,163,"2353",5,3,21,"8986","39128"
116,St.Lawrence,Active,"13847","11541",499,105,149,"1985",2,0,34,"7716","35878"
116,St.Lawrence,Inactive,"1172",872,32,20,26,236,0,0,0,"1000","3358"
116,St.Lawrence,Total,"15019","12413",531,125,175,"2221",2,0,34,"8716","39236"
116,District Total,Active,"23871","25529","1014",192,284,"4009",7,3,48,"15217","70174"
116,District Total,Inactive,"2575","2372",98,34,54,565,0,0,7,"2485","8190"
116,District Total,Total,"26446","27901","1112",226,338,"4574",7,3,55,"17702","78364"
117,Jefferson,Active,"5385","8447",319,53,75,"1071",3,0,9,"4629","19991"
117,Jefferson,Inactive,"1193","1265",55,10,22,259,0,0,2,"1445","4251"
117,Jefferson,Total,"6578","9712",374,63,97,"1330",3,0,11,"6074","24242"
117,Lewis,Active,"4272","8590",277,32,60,847,1,0,3,"2856","16938"
117,Lewis,Inactive,281,454,17,1,3,74,0,0,0,242,"1072"
117,Lewis,Total,"4553","9044",294,33,63,921,1,0,3,"3098","18010"
117,Oneida,Active,"6558","10784",434,64,103,"1510",2,3,24,"5074","24556"
117,Oneida,Inactive,706,926,30,8,18,202,1,0,2,674,"2567"
117,Oneida,Total,"7264","11710",464,72,121,"1712",3,3,26,"5748","27123"
117,St.Lawrence,Active,"2635","3344",175,12,38,513,1,0,14,"1628","8360"
117,St.Lawrence,Inactive,203,217,6,4,7,50,0,0,2,199,688
117,St.Lawrence,Total,"2838","3561",181,16,45,563,1,0,16,"1827","9048"
117,District Total,Active,"18850","31165","1205",161,276,"3941",7,3,50,"14187","69845"
117,District Total,Inactive,"2383","2862",108,23,50,585,1,0,6,"2560","8578"
117,District Total,Total,"21233","34027","1313",184,326,"4526",8,3,56,"16747","78423"
118,Fulton,Active,"7943","15887",554,76,169,"1735",6,2,9,"6190","32571"
118,Fulton,Inactive,384,522,21,10,14,96,0,0,0,402,"1449"
118,Fulton,Total,"8327","16409",575,86,183,"1831",6,2,9,"6592","34020"
118,Hamilton,Active,870,"2457",69,9,6,227,0,0,3,561,"4202"
118,Hamilton,Inactive,134,345,11,0,1,51,0,0,2,106,650
118,Hamilton,Total,"1004","2802",80,9,7,278,0,0,5,667,"4852"
118,Herkimer,Active,"4300","9453",338,40,59,"1169",4,7,3,"3043","18416"
118,Herkimer,Inactive,358,500,21,3,10,113,0,0,0,313,"1318"
118,Herkimer,Total,"4658","9953",359,43,69,"1282",4,7,3,"3356","19734"
118,Oneida,Active,"3927","6454",228,30,59,874,2,3,11,"2738","14326"
118,Oneida,Inactive,300,409,25,3,6,94,0,0,1,285,"1123"
118,Oneida,Total,"4227","6863",253,33,65,968,2,3,12,"3023","15449"
118,St.Lawrence,Active,"4061","4050",179,28,58,616,1,0,11,"2237","11241"
118,St.Lawrence,Inactive,264,216,13,5,7,43,0,0,0,209,757
118,St.Lawrence,Total,"4325","4266",192,33,65,659,1,0,11,"2446","11998"
118,District Total,Active,"21101","38301","1368",183,351,"4621",13,12,37,"14769","80756"
118,District Total,Inactive,"1440","1992",91,21,38,397,0,0,3,"1315","5297"
118,District Total,Total,"22541","40293","1459",204,389,"5018",13,12,40,"16084","86053"
119,Herkimer,Active,"1685","1872",81,15,14,327,1,3,0,846,"4844"
119,Herkimer,Inactive,101,113,0,2,2,15,0,0,1,75,309
119,Herkimer,Total,"1786","1985",81,17,16,342,1,3,1,921,"5153"
119,Oneida,Active,"26139","19728","1000",120,278,"3659",15,7,54,"12123","63123"
119,Oneida,Inactive,"2758","1640",90,19,58,515,0,0,2,"1698","6780"
119,Oneida,Total,"28897","21368","1090",139,336,"4174",15,7,56,"13821","69903"
119,District Total,Active,"27824","21600","1081",135,292,"3986",16,10,54,"12969","67967"
119,District Total,Inactive,"2859","1753",90,21,60,530,0,0,3,"1773","7089"
119,District Total,Total,"30683","23353","1171",156,352,"4516",16,10,57,"14742","75056"
120,Jefferson,Active,463,992,28,6,9,97,0,0,3,388,"1986"
120,Jefferson,Inactive,37,53,1,1,1,6,0,0,0,55,154
120,Jefferson,Total,500,"1045",29,7,10,103,0,0,3,443,"2140"
120,Onondaga,Active,"4256","6119",284,35,57,871,2,0,11,"3989","15624"
120,Onondaga,Inactive,331,430,34,4,2,70,0,0,2,319,"1192"
120,Onondaga,Total,"4587","6549",318,39,59,941,2,0,13,"4308","16816"
120,Oswego,Active,"15265","28497","1443",138,320,"3385",9,3,32,"13302","62394"
120,Oswego,Inactive,"1685","2264",136,21,61,445,0,0,11,"1781","6404"
120,Oswego,Total,"16950","30761","1579",159,381,"3830",9,3,43,"15083","68798"
120,District Total,Active,"19984","35608","1755",179,386,"4353",11,3,46,"17679","80004"
120,District Total,Inactive,"2053","2747",171,26,64,521,0,0,13,"2155","7750"
120,District Total,Total,"22037","38355","1926",205,450,"4874",11,3,59,"19834","87754"
121,Madison,Active,"11307","15939",899,125,231,"2686",4,3,41,"9690","40925"
121,Madison,Inactive,"1185","1164",70,25,23,293,0,0,6,"1081","3847"
121,Madison,Total,"12492","17103",969,150,254,"2979",4,3,47,"10771","44772"
121,Oneida,Active,"2460","4418",201,33,53,647,1,0,5,"2065","9883"
121,Oneida,Inactive,303,364,20,5,5,83,0,0,1,282,"1063"
121,Oneida,Total,"2763","4782",221,38,58,730,1,0,6,"2347","10946"
121,Otsego,Active,"7420","8331",326,91,82,"1412",6,3,31,"4976","22678"
121,Otsego,Inactive,872,644,37,8,13,194,1,0,2,777,"2548"
121,Otsego,Total,"8292","8975",363,99,95,"1606",7,3,33,"5753","25226"
121,District Total,Active,"21187","28688","1426",249,366,"4745",11,6,77,"16731","73486"
121,District Total,Inactive,"2360","2172",127,38,41,570,1,0,9,"2140","7458"
121,District Total,Total,"23547","30860","1553",287,407,"5315",12,6,86,"18871","80944"
122,Broome,Active,"11272","16789",620,90,187,"2144",5,8,33,"7042","38190"
122,Broome,Inactive,884,"1108",50,20,29,220,1,0,2,731,"3045"
122,Broome,Total,"12156","17897",670,110,216,"2364",6,8,35,"7773","41235"
122,Chenango,Active,"5591","9276",363,110,143,"1306",3,0,10,"4912","21714"
122,Chenango,Inactive,584,754,33,15,28,157,1,0,2,723,"2297"
122,Chenango,Total,"6175","10030",396,125,171,"1463",4,0,12,"5635","24011"
122,Delaware,Active,"3345","5953",250,52,67,705,2,0,3,"2512","12889"
122,Delaware,Inactive,398,460,16,4,14,92,0,0,1,386,"1371"
122,Delaware,Total,"3743","6413",266,56,81,797,2,0,4,"2898","14260"
122,Otsego,Active,"1337","1823",78,24,24,306,0,1,4,988,"4585"
122,Otsego,Inactive,140,144,6,3,3,35,0,0,0,136,467
122,Otsego,Total,"1477","1967",84,27,27,341,0,1,4,"1124","5052"
122,District Total,Active,"21545","33841","1311",276,421,"4461",10,9,50,"15454","77378"
122,District Total,Inactive,"2006","2466",105,42,74,504,2,0,5,"1976","7180"
122,District Total,Total,"23551","36307","1416",318,495,"4965",12,9,55,"17430","84558"
123,Broome,Active,"30457","23142",876,261,375,"3753",20,17,56,"14857","73814"
123,Broome,Inactive,"5264","2694",105,76,115,799,4,1,31,"3893","12982"
123,Broome,Total,"35721","25836",981,337,490,"4552",24,18,87,"18750","86796"
123,District Total,Active,"30457","23142",876,261,375,"3753",20,17,56,"14857","73814"
123,District Total,Inactive,"5264","2694",105,76,115,799,4,1,31,"3893","12982"
123,District Total,Total,"35721","25836",981,337,490,"4552",24,18,87,"18750","86796"
124,Broome,Active,"1019","1439",75,9,25,226,0,1,4,710,"3508"
124,Broome,Inactive,74,102,5,0,2,15,0,0,2,74,274
124,Broome,Total,"1093","1541",80,9,27,241,0,1,6,784,"3782"
124,Chemung,Active,"14122","17457",651,97,218,"2733",5,9,17,"9109","44418"
124,Chemung,Inactive,"1608","1538",75,12,35,394,0,0,3,"1340","5005"
124,Chemung,Total,"15730","18995",726,109,253,"3127",5,9,20,"10449","49423"
124,Tioga,Active,"8038","13642",442,92,122,"1714",1,0,47,"6382","30480"
124,Tioga,Inactive,799,"1101",37,13,25,202,0,0,3,844,"3024"
124,Tioga,Total,"8837","14743",479,105,147,"1916",1,0,50,"7226","33504"
124,District Total,Active,"23179","32538","1168",198,365,"4673",6,10,68,"16201","78406"
124,District Total,Inactive,"2481","2741",117,25,62,611,0,0,8,"2258","8303"
124,District Total,Total,"25660","35279","1285",223,427,"5284",6,10,76,"18459","86709"
125,Cortland,Active,"5826","5515",258,69,77,991,3,1,4,"4262","17006"
125,Cortland,Inactive,909,624,33,15,23,189,0,0,1,"1199","2993"
125,Cortland,Total,"6735","6139",291,84,100,"1180",3,1,5,"5461","19999"
125,Tompkins,Active,"27518","11728",411,492,223,"2344",13,2,77,"11853","54661"
125,Tompkins,Inactive,"3961","1455",47,77,42,426,0,0,18,"2557","8583"
125,Tompkins,Total,"31479","13183",458,569,265,"2770",13,2,95,"14410","63244"
125,District Total,Active,"33344","17243",669,561,300,"3335",16,3,81,"16115","71667"
125,District Total,Inactive,"4870","2079",80,92,65,615,0,0,19,"3756","11576"
125,District Total,Total,"38214","19322",749,653,365,"3950",16,3,100,"19871","83243"
126,Cayuga,Active,"10879","10122",735,115,152,"1670",4,1,14,"6280","29972"
126,Cayuga,Inactive,"1063",810,57,12,31,223,0,0,2,902,"3100"
126,Cayuga,Total,"11942","10932",792,127,183,"1893",4,1,16,"7182","33072"
126,Chenango,Active,"1627","2991",144,29,39,376,3,0,4,"1511","6724"
126,Chenango,Inactive,151,209,6,5,11,39,0,0,1,217,639
126,Chenango,Total,"1778","3200",150,34,50,415,3,0,5,"1728","7363"
126,Cortland,Active,"3053","4424",195,31,61,600,3,1,1,"2522","10891"
126,Cortland,Inactive,244,287,18,7,10,68,0,0,0,283,917
126,Cortland,Total,"3297","4711",213,38,71,668,3,1,1,"2805","11808"
126,Onondaga,Active,"10463","14349",742,98,117,"2237",3,2,43,"9938","37992"
126,Onondaga,Inactive,659,808,42,5,11,161,0,0,3,744,"2433"
126,Onondaga,Total,"11122","15157",784,103,128,"2398",3,2,46,"10682","40425"
126,District Total,Active,"26022","31886","1816",273,369,"4883",13,4,62,"20251","85579"
126,District Total,Inactive,"2117","2114",123,29,63,491,0,0,6,"2146","7089"
126,District Total,Total,"28139","34000","1939",302,432,"5374",13,4,68,"22397","92668"
127,Onondaga,Active,"28350","30050","1799",221,320,"5155",11,5,120,"24416","90447"
127,Onondaga,Inactive,"2274","1976",115,22,30,491,1,0,12,"2071","6992"
127,Onondaga,Total,"30624","32026","1914",243,350,"5646",12,5,132,"26487","97439"
127,District Total,Active,"28350","30050","1799",221,320,"5155",11,5,120,"24416","90447"
127,District Total,Inactive,"2274","1976",115,22,30,491,1,0,12,"2071","6992"
127,District Total,Total,"30624","32026","1914",243,350,"5646",12,5,132,"26487","97439"
128,Onondaga,Active,"33804","17990","1052",325,412,"3444",14,6,68,"19222","76337"
128,Onondaga,Inactive,"3718","1262",79,49,71,397,0,0,9,"2153","7738"
128,Onondaga,Total,"37522","19252","1131",374,483,"3841",14,6,77,"21375","84075"
128,District Total,Active,"33804","17990","1052",325,412,"3444",14,6,68,"19222","76337"
128,District Total,Inactive,"3718","1262",79,49,71,397,0,0,9,"2153","7738"
128,District Total,Total,"37522","19252","1131",374,483,"3841",14,6,77,"21375","84075"
129,Onondaga,Active,"28643","15125","1011",323,382,"3135",22,6,69,"16658","65374"
129,Onondaga,Inactive,"4779","1412",106,67,98,617,0,0,13,"3088","10180"
129,Onondaga,Total,"33422","16537","1117",390,480,"3752",22,6,82,"19746","75554"
129,District Total,Active,"28643","15125","1011",323,382,"3135",22,6,69,"16658","65374"
129,District Total,Inactive,"4779","1412",106,67,98,617,0,0,13,"3088","10180"
129,District Total,Total,"33422","16537","1117",390,480,"3752",22,6,82,"19746","75554"
130,Cayuga,Active,"3978","6447",501,41,76,813,0,0,6,"3563","15425"
130,Cayuga,Inactive,393,485,42,6,19,91,0,0,0,410,"1446"
130,Cayuga,Total,"4371","6932",543,47,95,904,0,0,6,"3973","16871"
130,Oswego,Active,"2070","3048",226,15,29,403,0,0,6,"1610","7407"
130,Oswego,Inactive,269,238,11,1,7,62,0,0,0,254,842
130,Oswego,Total,"2339","3286",237,16,36,465,0,0,6,"1864","8249"
130,Wayne,Active,"13531","22369","1562",148,283,"2985",3,4,78,"14385","55348"
130,Wayne,Inactive,900,928,64,15,31,232,0,0,10,"1047","3227"
130,Wayne,Total,"14431","23297","1626",163,314,"3217",3,4,88,"15432","58575"
130,District Total,Active,"19579","31864","2289",204,388,"4201",3,4,90,"19558","78180"
130,District Total,Inactive,"1562","1651",117,22,57,385,0,0,10,"1711","5515"
130,District Total,Total,"21141","33515","2406",226,445,"4586",3,4,100,"21269","83695"
131,Ontario,Active,"20347","26890","1384",238,223,"3986",15,10,23,"16942","70058"
131,Ontario,Inactive,829,986,71,11,19,226,0,0,3,929,"3074"
131,Ontario,Total,"21176","27876","1455",249,242,"4212",15,10,26,"17871","73132"
131,Seneca,Active,"4497","5474",342,43,88,723,1,0,1,"3070","14239"
131,Seneca,Inactive,419,415,26,4,12,104,0,0,0,423,"1403"
131,Seneca,Total,"4916","5889",368,47,100,827,1,0,1,"3493","15642"
131,District Total,Active,"24844","32364","1726",281,311,"4709",16,10,24,"20012","84297"
131,District Total,Inactive,"1248","1401",97,15,31,330,0,0,3,"1352","4477"
131,District Total,Total,"26092","33765","1823",296,342,"5039",16,10,27,"21364","88774"
132,Chemung,Active,"1401","2743",142,14,55,364,0,1,3,"1282","6005"
132,Chemung,Inactive,123,189,9,3,4,34,0,0,0,153,515
132,Chemung,Total,"1524","2932",151,17,59,398,0,1,3,"1435","6520"
132,Schuyler,Active,"3273","4686",255,64,69,720,1,0,0,"2643","11711"
132,Schuyler,Inactive,312,367,17,6,12,109,0,0,0,333,"1156"
132,Schuyler,Total,"3585","5053",272,70,81,829,1,0,0,"2976","12867"
132,Seneca,Active,"1475","1999",87,24,25,265,0,0,0,"1004","4879"
132,Seneca,Inactive,123,162,5,1,5,34,0,0,0,114,444
132,Seneca,Total,"1598","2161",92,25,30,299,0,0,0,"1118","5323"
132,Steuben,Active,"10598","20648",657,114,196,"2252",8,2,36,"7620","42131"
132,Steuben,Inactive,"1142","1517",45,26,31,306,0,0,1,"1115","4183"
132,Steuben,Total,"11740","22165",702,140,227,"2558",8,2,37,"8735","46314"
132,Yates,Active,"3219","6474",237,49,60,677,12,20,4,"2747","13499"
132,Yates,Inactive,258,389,20,4,10,77,0,0,3,355,"1116"
132,Yates,Total,"3477","6863",257,53,70,754,12,20,7,"3102","14615"
132,District Total,Active,"19966","36550","1378",265,405,"4278",21,23,43,"15296","78225"
132,District Total,Inactive,"1958","2624",96,40,62,560,0,0,4,"2070","7414"
132,District Total,Total,"21924","39174","1474",305,467,"4838",21,23,47,"17366","85639"
133,Livingston,Active,"10423","16837",924,151,148,"1887",7,2,58,"8637","39074"
133,Livingston,Inactive,956,928,57,19,19,199,0,0,6,964,"3148"
133,Livingston,Total,"11379","17765",981,170,167,"2086",7,2,64,"9601","42222"
133,Monroe,Active,"10557","12139",497,86,39,"1623",3,3,53,"8503","33503"
133,Monroe,Inactive,640,673,19,14,7,113,0,0,6,506,"1978"
133,Monroe,Total,"11197","12812",516,100,46,"1736",3,3,59,"9009","35481"
133,Steuben,Active,"3301","6223",267,38,60,695,1,1,18,"2474","13078"
133,Steuben,Inactive,301,424,25,6,14,72,0,0,1,361,"1204"
133,Steuben,Total,"3602","6647",292,44,74,767,1,1,19,"2835","14282"
133,District Total,Active,"24281","35199","1688",275,247,"4205",11,6,129,"19614","85655"
133,District Total,Inactive,"1897","2025",101,39,40,384,0,0,13,"1831","6330"
133,District Total,Total,"26178","37224","1789",314,287,"4589",11,6,142,"21445","91985"
134,Monroe,Active,"26056","30985","2351",189,332,"4389",12,5,86,"22699","87104"
134,Monroe,Inactive,"1490","1360",103,13,24,261,0,0,4,"1166","4421"
134,Monroe,Total,"27546","32345","2454",202,356,"4650",12,5,90,"23865","91525"
134,District Total,Active,"26056","30985","2351",189,332,"4389",12,5,86,"22699","87104"
134,District Total,Inactive,"1490","1360",103,13,24,261,0,0,4,"1166","4421"
134,District Total,Total,"27546","32345","2454",202,356,"4650",12,5,90,"23865","91525"
135,Monroe,Active,"29226","33427","1717",221,173,"5042",9,1,147,"25645","95608"
135,Monroe,Inactive,"1574","1790",67,19,22,308,0,0,11,"1503","5294"
135,Monroe,Total,"30800","35217","1784",240,195,"5350",9,1,158,"27148","100902"
135,District Total,Active,"29226","33427","1717",221,173,"5042",9,1,147,"25645","95608"
135,District Total,Inactive,"1574","1790",67,19,22,308,0,0,11,"1503","5294"
135,District Total,Total,"30800","35217","1784",240,195,"5350",9,1,158,"27148","100902"
136,Monroe,Active,"37763","18529","1247",307,299,"3721",14,0,92,"20030","82002"
136,Monroe,Inactive,"2847","1128",65,18,24,330,1,0,8,"1526","5947"
136,Monroe,Total,"40610","19657","1312",325,323,"4051",15,0,100,"21556","87949"
136,District Total,Active,"37763","18529","1247",307,299,"3721",14,0,92,"20030","82002"
136,District Total,Inactive,"2847","1128",65,18,24,330,1,0,8,"1526","5947"
136,District Total,Total,"40610","19657","1312",325,323,"4051",15,0,100,"21556","87949"
137,Monroe,Active,"42555","8837",666,173,403,"2122",17,1,46,"12922","67742"
137,Monroe,Inactive,"5103",641,48,26,61,271,1,0,11,"1630","7792"
137,Monroe,Total,"47658","9478",714,199,464,"2393",18,1,57,"14552","75534"
137,District Total,Active,"42555","8837",666,173,403,"2122",17,1,46,"12922","67742"
137,District Total,Inactive,"5103",641,48,26,61,271,1,0,11,"1630","7792"
137,District Total,Total,"47658","9478",714,199,464,"2393",18,1,57,"14552","75534"
138,Monroe,Active,"32620","17938","1252",305,276,"3341",15,5,114,"17731","73597"
138,Monroe,Inactive,"3245","1181",76,35,36,316,0,0,21,"1782","6692"
138,Monroe,Total,"35865","19119","1328",340,312,"3657",15,5,135,"19513","80289"
138,District Total,Active,"32620","17938","1252",305,276,"3341",15,5,114,"17731","73597"
138,District Total,Inactive,"3245","1181",76,35,36,316,0,0,21,"1782","6692"
138,District Total,Total,"35865","19119","1328",340,312,"3657",15,5,135,"19513","80289"
139,Genesee,Active,"9167","15829",952,102,201,"1931",5,4,78,"8465","36734"
139,Genesee,Inactive,544,724,47,11,19,139,0,0,7,575,"2066"
139,Genesee,Total,"9711","16553",999,113,220,"2070",5,4,85,"9040","38800"
139,Monroe,Active,"5084","8323",555,51,77,"1178",4,2,28,"5150","20452"
139,Monroe,Inactive,362,352,35,5,14,60,0,0,2,325,"1155"
139,Monroe,Total,"5446","8675",590,56,91,"1238",4,2,30,"5475","21607"
139,Orleans,Active,"4732","9386",488,53,121,"1009",3,1,34,"4452","20279"
139,Orleans,Inactive,413,631,53,8,20,102,0,0,3,476,"1706"
139,Orleans,Total,"5145","10017",541,61,141,"1111",3,1,37,"4928","21985"
139,District Total,Active,"18983","33538","1995",206,399,"4118",12,7,140,"18067","77465"
139,District Total,Inactive,"1319","1707",135,24,53,301,0,0,12,"1376","4927"
139,District Total,Total,"20302","35245","2130",230,452,"4419",12,7,152,"19443","82392"
140,Erie,Active,"32325","18395","1418",204,381,"3515",11,2,65,"13075","69391"
140,Erie,Inactive,"2215","1091",57,17,52,288,0,0,9,"1204","4933"
140,Erie,Total,"34540","19486","1475",221,433,"3803",11,2,74,"14279","74324"
140,Niagara,Active,"5013","3678",362,79,164,764,4,15,7,"2569","12655"
140,Niagara,Inactive,256,184,21,6,15,40,0,1,2,189,714
140,Niagara,Total,"5269","3862",383,85,179,804,4,16,9,"2758","13369"
140,District Total,Active,"37338","22073","1780",283,545,"4279",15,17,72,"15644","82046"
140,District Total,Inactive,"2471","1275",78,23,67,328,0,1,11,"1393","5647"
140,District Total,Total,"39809","23348","1858",306,612,"4607",15,18,83,"17037","87693"
141,Erie,Active,"60365","5137",446,139,372,"1825",19,5,52,"9411","77771"
141,Erie,Inactive,"5584",551,38,19,59,245,0,0,9,"1295","7800"
141,Erie,Total,"65949","5688",484,158,431,"2070",19,5,61,"10706","85571"
141,District Total,Active,"60365","5137",446,139,372,"1825",19,5,52,"9411","77771"
141,District Total,Inactive,"5584",551,38,19,59,245,0,0,9,"1295","7800"
141,District Total,Total,"65949","5688",484,158,431,"2070",19,5,61,"10706","85571"
142,Erie,Active,"43071","20214","2353",212,487,"4535",14,1,61,"15226","86174"
142,Erie,Inactive,"2172","1005",90,18,52,296,0,0,5,"1123","4761"
142,Erie,Total,"45243","21219","2443",230,539,"4831",14,1,66,"16349","90935"
142,District Total,Active,"43071","20214","2353",212,487,"4535",14,1,61,"15226","86174"
142,District Total,Inactive,"2172","1005",90,18,52,296,0,0,5,"1123","4761"
142,District Total,Total,"45243","21219","2443",230,539,"4831",14,1,66,"16349","90935"
143,Erie,Active,"41547","20861","2103",238,503,"4475",6,1,80,"17353","87167"
143,Erie,Inactive,"2074",928,89,16,41,247,0,0,8,"1099","4502"
143,Erie,Total,"43621","21789","2192",254,544,"4722",6,1,88,"18452","91669"
143,District Total,Active,"41547","20861","2103",238,503,"4475",6,1,80,"17353","87167"
143,District Total,Inactive,"2074",928,89,16,41,247,0,0,8,"1099","4502"
143,District Total,Total,"43621","21789","2192",254,544,"4722",6,1,88,"18452","91669"
144,Erie,Active,"9498","15461",967,75,115,"1994",3,3,41,"6856","35013"
144,Erie,Inactive,543,776,42,8,10,107,0,0,2,459,"1947"
144,Erie,Total,"10041","16237","1009",83,125,"2101",3,3,43,"7315","36960"
144,Niagara,Active,"15208","19029","1293",138,419,"2470",4,3,28,"9548","48140"
144,Niagara,Inactive,783,765,39,10,31,143,0,0,6,684,"2461"
144,Niagara,Total,"15991","19794","1332",148,450,"2613",4,3,34,"10232","50601"
144,Orleans,Active,786,"1345",54,11,33,104,0,1,1,650,"2985"
144,Orleans,Inactive,61,83,3,1,5,10,0,0,0,80,243
144,Orleans,Total,847,"1428",57,12,38,114,0,1,1,730,"3228"
144,District Total,Active,"25492","35835","2314",224,567,"4568",7,7,70,"17054","86138"
144,District Total,Inactive,"1387","1624",84,19,46,260,0,0,8,"1223","4651"
144,District Total,Total,"26879","37459","2398",243,613,"4828",7,7,78,"18277","90789"
145,Erie,Active,"5231","5413",511,36,62,892,2,0,23,"2991","15161"
145,Erie,Inactive,323,274,10,0,4,55,0,0,2,229,897
145,Erie,Total,"5554","5687",521,36,66,947,2,0,25,"3220","16058"
145,Niagara,Active,"30289","18351","1300",207,563,"3082",16,11,44,"10794","64657"
145,Niagara,Inactive,"1592",749,54,14,35,158,0,0,0,761,"3363"
145,Niagara,Total,"31881","19100","1354",221,598,"3240",16,11,44,"11555","68020"
145,District Total,Active,"35520","23764","1811",243,625,"3974",18,11,67,"13785","79818"
145,District Total,Inactive,"1915","1023",64,14,39,213,0,0,2,990,"4260"
145,District Total,Total,"37435","24787","1875",257,664,"4187",18,11,69,"14775","84078"
146,Erie,Active,"32493","25996","1407",220,229,"3975",13,14,63,"15845","80255"
146,Erie,Inactive,"2439","1703",70,23,14,355,0,0,11,"1452","6067"
146,Erie,Total,"34932","27699","1477",243,243,"4330",13,14,74,"17297","86322"
146,Niagara,Active,"1383","1894",183,15,34,297,1,5,6,912,"4730"
146,Niagara,Inactive,43,70,6,2,1,5,0,0,0,40,167
146,Niagara,Total,"1426","1964",189,17,35,302,1,5,6,952,"4897"
146,District Total,Active,"33876","27890","1590",235,263,"4272",14,19,69,"16757","84985"
146,District Total,Inactive,"2482","1773",76,25,15,360,0,0,11,"1492","6234"
146,District Total,Total,"36358","29663","1666",260,278,"4632",14,19,80,"18249","91219"
147,Erie,Active,"20674","24159","2441",193,417,"3915",2,2,71,"13497","65371"
147,Erie,Inactive,987,"1014",83,9,31,222,0,0,3,808,"3157"
147,Erie,Total,"21661","25173","2524",202,448,"4137",2,2,74,"14305","68528"
147,Wyoming,Active,"5478","11044",560,38,100,"1211",0,0,12,"5342","23785"
147,Wyoming,Inactive,421,645,42,2,17,126,0,0,0,531,"1784"
147,Wyoming,Total,"5899","11689",602,40,117,"1337",0,0,12,"5873","25569"
147,District Total,Active,"26152","35203","3001",231,517,"5126",2,2,83,"18839","89156"
147,District Total,Inactive,"1408","1659",125,11,48,348,0,0,3,"1339","4941"
147,District Total,Total,"27560","36862","3126",242,565,"5474",2,2,86,"20178","94097"
148,Allegany,Active,"5943","12414",439,80,128,"1275",2,2,14,"4797","25094"
148,Allegany,Inactive,486,663,29,10,17,131,0,0,4,492,"1832"
148,Allegany,Total,"6429","13077",468,90,145,"1406",2,2,18,"5289","26926"
148,Cattaraugus,Active,"14570","17372","1106",121,275,"2272",13,10,12,"9145","44896"
148,Cattaraugus,Inactive,"2074","1971",146,27,74,438,1,0,8,"1858","6597"
148,Cattaraugus,Total,"16644","19343","1252",148,349,"2710",14,10,20,"11003","51493"
148,Steuben,Active,287,"1303",45,5,9,71,0,0,4,271,"1995"
148,Steuben,Inactive,30,75,3,0,1,6,0,0,0,42,157
148,Steuben,Total,317,"1378",48,5,10,77,0,0,4,313,"2152"
148,District Total,Active,"20800","31089","1590",206,412,"3618",15,12,30,"14213","71985"
148,District Total,Inactive,"2590","2709",178,37,92,575,1,0,12,"2392","8586"
148,District Total,Total,"23390","33798","1768",243,504,"4193",16,12,42,"16605","80571"
149,Erie,Active,"41876","15770","1985",375,436,"3825",16,9,95,"14459","78846"
149,Erie,Inactive,"4228","1204",121,50,69,396,0,0,9,"1905","7982"
149,Erie,Total,"46104","16974","2106",425,505,"4221",16,9,104,"16364","86828"
149,District Total,Active,"41876","15770","1985",375,436,"3825",16,9,95,"14459","78846"
149,District Total,Inactive,"4228","1204",121,50,69,396,0,0,9,"1905","7982"
149,District Total,Total,"46104","16974","2106",425,505,"4221",16,9,104,"16364","86828"
150,Chautauqua,Active,"25852","25248","1943",185,459,"4757",8,25,79,"18314","76870"
150,Chautauqua,Inactive,"2694","2169",190,32,75,616,0,0,15,"2687","8478"
150,Chautauqua,Total,"28546","27417","2133",217,534,"5373",8,25,94,"21001","85348"
150,District Total,Active,"25852","25248","1943",185,459,"4757",8,25,79,"18314","76870"
150,District Total,Inactive,"2694","2169",190,32,75,616,0,0,15,"2687","8478"
150,District Total,Total,"28546","27417","2133",217,534,"5373",8,25,94,"21001","85348"
"",Statewide Total,Active,"5,665,105","2,648,842","151971","25857","44366","454006","2232",891,"6255","2,476,908","11,476,433"
"",Statewide Total,Inactive,"514629","190862","10711","3056","5673","47732",46,9,868,"243231","1,016,817"
"",Statewide Total,Total,"6,179,734","2,839,704","162682","28913","50039","501738","2278",900,"7123","2,720,139","12,493,250"
