1,Suffolk,Active,"64,603","70,941","5,258",497,990,"11,737",34,9,137,"60,001","214,207"
1,Suffolk,Inactive,"5,685","4,911",334,38,94,984,0,2,12,"4,570","16,630"
1,Suffolk,Total,"70,288","75,852","5,592",535,"1,084","12,721",34,11,149,"64,571","230,837"
1,District Total,Active,"64,603","70,941","5,258",497,990,"11,737",34,9,137,"60,001","214,207"
1,District Total,Inactive,"5,685","4,911",334,38,94,984,0,2,12,"4,570","16,630"
1,District Total,Total,"70,288","75,852","5,592",535,"1,084","12,721",34,11,149,"64,571","230,837"
2,Suffolk,Active,"64,655","73,054","5,580",436,707,"9,486",26,13,158,"59,224","213,339"
2,Suffolk,Inactive,"5,050","4,267",315,51,63,715,2,0,12,"4,278","14,753"
2,Suffolk,Total,"69,705","77,321","5,895",487,770,"10,201",28,13,170,"63,502","228,092"
2,District Total,Active,"64,655","73,054","5,580",436,707,"9,486",26,13,158,"59,224","213,339"
2,District Total,Inactive,"5,050","4,267",315,51,63,715,2,0,12,"4,278","14,753"
2,District Total,Total,"69,705","77,321","5,895",487,770,"10,201",28,13,170,"63,502","228,092"
3,Suffolk,Active,"62,779","54,612","4,439",392,"1,003","8,251",30,5,135,"49,197","180,843"
3,Suffolk,Inactive,"5,066","3,371",295,17,96,604,0,0,9,"3,646","13,104"
3,Suffolk,Total,"67,845","57,983","4,734",409,"1,099","8,855",30,5,144,"52,843","193,947"
3,District Total,Active,"62,779","54,612","4,439",392,"1,003","8,251",30,5,135,"49,197","180,843"
3,District Total,Inactive,"5,066","3,371",295,17,96,604,0,0,9,"3,646","13,104"
3,District Total,Total,"67,845","57,983","4,734",409,"1,099","8,855",30,5,144,"52,843","193,947"
4,Suffolk,Active,"68,494","61,114","4,284",337,878,"8,372",32,12,133,"52,708","196,364"
4,Suffolk,Inactive,"5,316","3,831",238,35,78,641,2,0,14,"3,611","13,766"
4,Suffolk,Total,"73,810","64,945","4,522",372,956,"9,013",34,12,147,"56,319","210,130"
4,District Total,Active,"68,494","61,114","4,284",337,878,"8,372",32,12,133,"52,708","196,364"
4,District Total,Inactive,"5,316","3,831",238,35,78,641,2,0,14,"3,611","13,766"
4,District Total,Total,"73,810","64,945","4,522",372,956,"9,013",34,12,147,"56,319","210,130"
5,Nassau,Active,"43,868","40,563","1,139",205,184,"5,095",15,7,42,"31,621","122,739"
5,Nassau,Inactive,"1,827","1,484",39,14,5,206,1,0,1,"1,229","4,806"
5,Nassau,Total,"45,695","42,047","1,178",219,189,"5,301",16,7,43,"32,850","127,545"
5,Suffolk,Active,"34,580","32,977","1,933",199,578,"4,896",13,22,73,"29,290","104,561"
5,Suffolk,Inactive,"2,429","2,040",102,19,36,361,1,0,6,"1,946","6,940"
5,Suffolk,Total,"37,009","35,017","2,035",218,614,"5,257",14,22,79,"31,236","111,501"
5,District Total,Active,"78,448","73,540","3,072",404,762,"9,991",28,29,115,"60,911","227,300"
5,District Total,Inactive,"4,256","3,524",141,33,41,567,2,0,7,"3,175","11,746"
5,District Total,Total,"82,704","77,064","3,213",437,803,"10,558",30,29,122,"64,086","239,046"
6,Nassau,Active,"85,025","77,207","2,993",330,689,"8,153",47,18,81,"50,609","225,152"
6,Nassau,Inactive,"3,457","2,807",89,17,25,376,0,0,0,"1,921","8,692"
6,Nassau,Total,"88,482","80,014","3,082",347,714,"8,529",47,18,81,"52,530","233,844"
6,District Total,Active,"85,025","77,207","2,993",330,689,"8,153",47,18,81,"50,609","225,152"
6,District Total,Inactive,"3,457","2,807",89,17,25,376,0,0,0,"1,921","8,692"
6,District Total,Total,"88,482","80,014","3,082",347,714,"8,529",47,18,81,"52,530","233,844"
7,Nassau,Active,"90,056","66,444","2,137",372,463,"8,566",30,15,81,"58,608","226,772"
7,Nassau,Inactive,"3,599","2,471",96,18,15,337,0,0,1,"1,989","8,526"
7,Nassau,Total,"93,655","68,915","2,233",390,478,"8,903",30,15,82,"60,597","235,298"
7,District Total,Active,"90,056","66,444","2,137",372,463,"8,566",30,15,81,"58,608","226,772"
7,District Total,Inactive,"3,599","2,471",96,18,15,337,0,0,1,"1,989","8,526"
7,District Total,Total,"93,655","68,915","2,233",390,478,"8,903",30,15,82,"60,597","235,298"
8,Nassau,Active,"65,724","64,700","2,030",310,495,"5,992",27,29,63,"41,087","180,457"
8,Nassau,Inactive,"2,325","2,091",78,20,19,245,0,0,0,"1,368","6,146"
8,Nassau,Total,"68,049","66,791","2,108",330,514,"6,237",27,29,63,"42,455","186,603"
8,Suffolk,Active,"20,551","11,321",855,83,234,"1,742",6,5,23,"12,427","47,247"
8,Suffolk,Inactive,"1,570",837,61,7,26,149,0,0,3,944,"3,597"
8,Suffolk,Total,"22,121","12,158",916,90,260,"1,891",6,5,26,"13,371","50,844"
8,District Total,Active,"86,275","76,021","2,885",393,729,"7,734",33,34,86,"53,514","227,704"
8,District Total,Inactive,"3,895","2,928",139,27,45,394,0,0,3,"2,312","9,743"
8,District Total,Total,"90,170","78,949","3,024",420,774,"8,128",33,34,89,"55,826","237,447"
9,Nassau,Active,"98,067","76,798","2,335",438,553,"8,676",30,25,87,"53,367","240,376"
9,Nassau,Inactive,"4,001","2,860",89,20,21,381,0,0,7,"2,005","9,384"
9,Nassau,Total,"102,068","79,658","2,424",458,574,"9,057",30,25,94,"55,372","249,760"
9,District Total,Active,"98,067","76,798","2,335",438,553,"8,676",30,25,87,"53,367","240,376"
9,District Total,Inactive,"4,001","2,860",89,20,21,381,0,0,7,"2,005","9,384"
9,District Total,Total,"102,068","79,658","2,424",458,574,"9,057",30,25,94,"55,372","249,760"
10,Queens,Active,"125,277","8,886",424,119,623,"3,265",49,5,12,"24,929","163,589"
10,Queens,Inactive,"7,651",536,37,4,64,215,1,0,0,"1,471","9,979"
10,Queens,Total,"132,928","9,422",461,123,687,"3,480",50,5,12,"26,400","173,568"
10,District Total,Active,"125,277","8,886",424,119,623,"3,265",49,5,12,"24,929","163,589"
10,District Total,Inactive,"7,651",536,37,4,64,215,1,0,0,"1,471","9,979"
10,District Total,Total,"132,928","9,422",461,123,687,"3,480",50,5,12,"26,400","173,568"
11,Queens,Active,"97,481","29,969","1,350",218,458,"5,021",39,7,53,"41,207","175,803"
11,Queens,Inactive,"5,346","1,746",82,14,28,317,0,0,7,"2,248","9,788"
11,Queens,Total,"102,827","31,715","1,432",232,486,"5,338",39,7,60,"43,455","185,591"
11,District Total,Active,"97,481","29,969","1,350",218,458,"5,021",39,7,53,"41,207","175,803"
11,District Total,Inactive,"5,346","1,746",82,14,28,317,0,0,7,"2,248","9,788"
11,District Total,Total,"102,827","31,715","1,432",232,486,"5,338",39,7,60,"43,455","185,591"
12,Kings,Active,1,0,0,0,0,0,0,0,0,0,1
12,Kings,Total,1,0,0,0,0,0,0,0,0,0,1
12,Queens,Active,"104,215","15,245",588,468,554,"4,518",47,5,95,"37,386","163,121"
12,Queens,Inactive,"8,404","1,431",74,58,63,531,0,0,15,"3,459","14,035"
12,Queens,Total,"112,619","16,676",662,526,617,"5,049",47,5,110,"40,845","177,156"
12,District Total,Active,"104,216","15,245",588,468,554,"4,518",47,5,95,"37,386","163,122"
12,District Total,Inactive,"8,404","1,431",74,58,63,531,0,0,15,"3,459","14,035"
12,District Total,Total,"112,620","16,676",662,526,617,"5,049",47,5,110,"40,845","177,157"
13,Queens,Active,"86,438","10,138",384,217,423,"2,725",48,2,29,"26,409","126,813"
13,Queens,Inactive,"5,268",706,35,13,30,213,0,0,4,"1,680","7,949"
13,Queens,Total,"91,706","10,844",419,230,453,"2,938",48,2,33,"28,089","134,762"
13,District Total,Active,"86,438","10,138",384,217,423,"2,725",48,2,29,"26,409","126,813"
13,District Total,Inactive,"5,268",706,35,13,30,213,0,0,4,"1,680","7,949"
13,District Total,Total,"91,706","10,844",419,230,453,"2,938",48,2,33,"28,089","134,762"
14,Queens,Active,"138,008","10,171",465,179,493,"3,822",46,3,27,"28,088","181,302"
14,Queens,Inactive,"8,493",748,27,11,40,315,1,0,1,"1,867","11,503"
14,Queens,Total,"146,501","10,919",492,190,533,"4,137",47,3,28,"29,955","192,805"
14,District Total,Active,"138,008","10,171",465,179,493,"3,822",46,3,27,"28,088","181,302"
14,District Total,Inactive,"8,493",748,27,11,40,315,1,0,1,"1,867","11,503"
14,District Total,Total,"146,501","10,919",492,190,533,"4,137",47,3,28,"29,955","192,805"
15,Queens,Active,"89,153","32,598","1,706",271,568,"5,036",28,7,60,"37,494","166,921"
15,Queens,Inactive,"5,511","1,774",98,11,45,333,0,0,6,"2,301","10,079"
15,Queens,Total,"94,664","34,372","1,804",282,613,"5,369",28,7,66,"39,795","177,000"
15,District Total,Active,"89,153","32,598","1,706",271,568,"5,036",28,7,60,"37,494","166,921"
15,District Total,Inactive,"5,511","1,774",98,11,45,333,0,0,6,"2,301","10,079"
15,District Total,Total,"94,664","34,372","1,804",282,613,"5,369",28,7,66,"39,795","177,000"
16,Queens,Active,"84,249","15,881",480,194,356,"3,235",33,4,30,"37,078","141,540"
16,Queens,Inactive,"5,964","1,232",49,14,23,274,0,0,3,"2,548","10,107"
16,Queens,Total,"90,213","17,113",529,208,379,"3,509",33,4,33,"39,626","151,647"
16,District Total,Active,"84,249","15,881",480,194,356,"3,235",33,4,30,"37,078","141,540"
16,District Total,Inactive,"5,964","1,232",49,14,23,274,0,0,3,"2,548","10,107"
16,District Total,Total,"90,213","17,113",529,208,379,"3,509",33,4,33,"39,626","151,647"
17,Kings,Active,"81,168","22,800",864,189,299,"2,496",18,1,32,"32,153","140,020"
17,Kings,Inactive,"5,571","1,562",62,9,40,218,0,0,4,"2,606","10,072"
17,Kings,Total,"86,739","24,362",926,198,339,"2,714",18,1,36,"34,759","150,092"
17,District Total,Active,"81,168","22,800",864,189,299,"2,496",18,1,32,"32,153","140,020"
17,District Total,Inactive,"5,571","1,562",62,9,40,218,0,0,4,"2,606","10,072"
17,District Total,Total,"86,739","24,362",926,198,339,"2,714",18,1,36,"34,759","150,092"
18,Kings,Active,"140,780","8,541",346,508,831,"3,625",63,6,104,"30,947","185,751"
18,Kings,Inactive,"13,382","1,029",43,83,114,495,1,0,9,"3,411","18,567"
18,Kings,Total,"154,162","9,570",389,591,945,"4,120",64,6,113,"34,358","204,318"
18,District Total,Active,"140,780","8,541",346,508,831,"3,625",63,6,104,"30,947","185,751"
18,District Total,Inactive,"13,382","1,029",43,83,114,495,1,0,9,"3,411","18,567"
18,District Total,Total,"154,162","9,570",389,591,945,"4,120",64,6,113,"34,358","204,318"
19,Kings,Active,"138,245","12,720",545,103,684,"3,423",35,3,20,"26,596","182,374"
19,Kings,Inactive,"9,974",871,45,13,64,276,0,0,0,"2,027","13,270"
19,Kings,Total,"148,219","13,591",590,116,748,"3,699",35,3,20,"28,623","195,644"
19,District Total,Active,"138,245","12,720",545,103,684,"3,423",35,3,20,"26,596","182,374"
19,District Total,Inactive,"9,974",871,45,13,64,276,0,0,0,"2,027","13,270"
19,District Total,Total,"148,219","13,591",590,116,748,"3,699",35,3,20,"28,623","195,644"
20,Kings,Active,"136,688","7,964",360,297,784,"3,341",38,3,42,"26,640","176,157"
20,Kings,Inactive,"13,035",915,46,60,116,413,0,0,5,"2,958","17,548"
20,Kings,Total,"149,723","8,879",406,357,900,"3,754",38,3,47,"29,598","193,705"
20,District Total,Active,"136,688","7,964",360,297,784,"3,341",38,3,42,"26,640","176,157"
20,District Total,Inactive,"13,035",915,46,60,116,413,0,0,5,"2,958","17,548"
20,District Total,Total,"149,723","8,879",406,357,900,"3,754",38,3,47,"29,598","193,705"
21,Kings,Active,"150,919","8,254",406,461,800,"4,080",31,1,62,"27,906","192,920"
21,Kings,Inactive,"11,416",848,48,34,92,453,0,0,1,"2,767","15,659"
21,Kings,Total,"162,335","9,102",454,495,892,"4,533",31,1,63,"30,673","208,579"
21,District Total,Active,"150,919","8,254",406,461,800,"4,080",31,1,62,"27,906","192,920"
21,District Total,Inactive,"11,416",848,48,34,92,453,0,0,1,"2,767","15,659"
21,District Total,Total,"162,335","9,102",454,495,892,"4,533",31,1,63,"30,673","208,579"
22,Kings,Active,"77,303","32,152","1,346",304,439,"4,365",34,7,77,"39,374","155,401"
22,Kings,Inactive,"5,546","2,192",106,21,43,368,0,1,5,"2,797","11,079"
22,Kings,Total,"82,849","34,344","1,452",325,482,"4,733",34,8,82,"42,171","166,480"
22,District Total,Active,"77,303","32,152","1,346",304,439,"4,365",34,7,77,"39,374","155,401"
22,District Total,Inactive,"5,546","2,192",106,21,43,368,0,1,5,"2,797","11,079"
22,District Total,Total,"82,849","34,344","1,452",325,482,"4,733",34,8,82,"42,171","166,480"
23,Kings,Active,"45,113","14,516",325,123,232,"1,966",19,3,25,"19,560","81,882"
23,Kings,Inactive,"3,988",956,30,7,22,176,0,0,1,"1,588","6,768"
23,Kings,Total,"49,101","15,472",355,130,254,"2,142",19,3,26,"21,148","88,650"
23,Richmond,Active,"49,013","10,760",788,126,454,"2,548",22,3,33,"15,472","79,219"
23,Richmond,Inactive,"3,924",835,46,11,61,246,0,0,3,"1,303","6,429"
23,Richmond,Total,"52,937","11,595",834,137,515,"2,794",22,3,36,"16,775","85,648"
23,District Total,Active,"94,126","25,276","1,113",249,686,"4,514",41,6,58,"35,032","161,101"
23,District Total,Inactive,"7,912","1,791",76,18,83,422,0,0,4,"2,891","13,197"
23,District Total,Total,"102,038","27,067","1,189",267,769,"4,936",41,6,62,"37,923","174,298"
24,Richmond,Active,"76,035","70,464","3,645",254,684,"7,130",29,19,91,"43,717","202,068"
24,Richmond,Inactive,"4,732","3,691",208,21,45,459,0,0,5,"2,637","11,798"
24,Richmond,Total,"80,767","74,155","3,853",275,729,"7,589",29,19,96,"46,354","213,866"
24,District Total,Active,"76,035","70,464","3,645",254,684,"7,130",29,19,91,"43,717","202,068"
24,District Total,Inactive,"4,732","3,691",208,21,45,459,0,0,5,"2,637","11,798"
24,District Total,Total,"80,767","74,155","3,853",275,729,"7,589",29,19,96,"46,354","213,866"
25,Kings,Active,"167,576","7,184",286,601,"1,123","4,775",51,3,79,"30,801","212,479"
25,Kings,Inactive,"18,390","1,063",41,77,167,751,0,0,14,"4,272","24,775"
25,Kings,Total,"185,966","8,247",327,678,"1,290","5,526",51,3,93,"35,073","237,254"
25,District Total,Active,"167,576","7,184",286,601,"1,123","4,775",51,3,79,"30,801","212,479"
25,District Total,Inactive,"18,390","1,063",41,77,167,751,0,0,14,"4,272","24,775"
25,District Total,Total,"185,966","8,247",327,678,"1,290","5,526",51,3,93,"35,073","237,254"
26,Kings,Active,"52,354","5,466",129,272,182,"1,879",10,0,42,"13,453","73,787"
26,Kings,Inactive,"5,177",655,16,35,25,281,0,0,9,"1,806","8,004"
26,Kings,Total,"57,531","6,121",145,307,207,"2,160",10,0,51,"15,259","81,791"
26,New York,Active,"74,086","11,000",211,254,257,"3,171",21,7,93,"25,217","114,317"
26,New York,Inactive,"9,288","2,224",39,38,35,705,0,0,16,"4,003","16,348"
26,New York,Total,"83,374","13,224",250,292,292,"3,876",21,7,109,"29,220","130,665"
26,District Total,Active,"126,440","16,466",340,526,439,"5,050",31,7,135,"38,670","188,104"
26,District Total,Inactive,"14,465","2,879",55,73,60,986,0,0,25,"5,809","24,352"
26,District Total,Total,"140,905","19,345",395,599,499,"6,036",31,7,160,"44,479","212,456"
27,New York,Active,"131,988","20,253",328,469,285,"6,506",32,9,143,"41,767","201,780"
27,New York,Inactive,"17,939","4,371",59,99,49,"1,433",0,0,34,"7,517","31,501"
27,New York,Total,"149,927","24,624",387,568,334,"7,939",32,9,177,"49,284","233,281"
27,District Total,Active,"131,988","20,253",328,469,285,"6,506",32,9,143,"41,767","201,780"
27,District Total,Inactive,"17,939","4,371",59,99,49,"1,433",0,0,34,"7,517","31,501"
27,District Total,Total,"149,927","24,624",387,568,334,"7,939",32,9,177,"49,284","233,281"
28,New York,Active,"106,775","35,507",445,274,124,"7,987",20,10,126,"45,641","196,909"
28,New York,Inactive,"15,109","6,344",76,50,20,"1,651",0,0,30,"7,995","31,275"
28,New York,Total,"121,884","41,851",521,324,144,"9,638",20,10,156,"53,636","228,184"
28,District Total,Active,"106,775","35,507",445,274,124,"7,987",20,10,126,"45,641","196,909"
28,District Total,Inactive,"15,109","6,344",76,50,20,"1,651",0,0,30,"7,995","31,275"
28,District Total,Total,"121,884","41,851",521,324,144,"9,638",20,10,156,"53,636","228,184"
29,Bronx,Active,"80,113","3,880",285,91,461,"1,590",51,3,11,"13,222","99,707"
29,Bronx,Inactive,"9,773",620,28,13,81,274,2,0,5,"1,936","12,732"
29,Bronx,Total,"89,886","4,500",313,104,542,"1,864",53,3,16,"15,158","112,439"
29,New York,Active,"48,044","6,459",110,112,145,"2,117",15,1,34,"13,333","70,370"
29,New York,Inactive,"6,906","1,338",26,19,29,513,1,0,8,"2,485","11,325"
29,New York,Total,"54,950","7,797",136,131,174,"2,630",16,1,42,"15,818","81,695"
29,District Total,Active,"128,157","10,339",395,203,606,"3,707",66,4,45,"26,555","170,077"
29,District Total,Inactive,"16,679","1,958",54,32,110,787,3,0,13,"4,421","24,057"
29,District Total,Total,"144,836","12,297",449,235,716,"4,494",69,4,58,"30,976","194,134"
30,New York,Active,"161,772","8,182",283,395,686,"4,615",56,6,71,"27,482","203,548"
30,New York,Inactive,"19,950","1,424",37,50,115,853,1,0,11,"4,337","26,778"
30,New York,Total,"181,722","9,606",320,445,801,"5,468",57,6,82,"31,819","230,326"
30,District Total,Active,"161,772","8,182",283,395,686,"4,615",56,6,71,"27,482","203,548"
30,District Total,Inactive,"19,950","1,424",37,50,115,853,1,0,11,"4,337","26,778"
30,District Total,Total,"181,722","9,606",320,445,801,"5,468",57,6,82,"31,819","230,326"
31,New York,Active,"151,836","10,896",357,443,472,"4,069",65,4,74,"29,961","198,177"
31,New York,Inactive,"16,352","1,985",48,64,86,762,0,0,15,"4,760","24,072"
31,New York,Total,"168,188","12,881",405,507,558,"4,831",65,4,89,"34,721","222,249"
31,District Total,Active,"151,836","10,896",357,443,472,"4,069",65,4,74,"29,961","198,177"
31,District Total,Inactive,"16,352","1,985",48,64,86,762,0,0,15,"4,760","24,072"
31,District Total,Total,"168,188","12,881",405,507,558,"4,831",65,4,89,"34,721","222,249"
32,Bronx,Active,"132,752","6,423",547,126,754,"2,837",58,2,11,"21,953","165,463"
32,Bronx,Inactive,"17,768","1,066",115,13,133,471,5,0,1,"3,272","22,844"
32,Bronx,Total,"150,520","7,489",662,139,887,"3,308",63,2,12,"25,225","188,307"
32,District Total,Active,"132,752","6,423",547,126,754,"2,837",58,2,11,"21,953","165,463"
32,District Total,Inactive,"17,768","1,066",115,13,133,471,5,0,1,"3,272","22,844"
32,District Total,Total,"150,520","7,489",662,139,887,"3,308",63,2,12,"25,225","188,307"
33,Bronx,Active,"111,984","6,024",431,131,559,"2,340",57,6,19,"19,977","141,528"
33,Bronx,Inactive,"15,559","1,119",58,20,146,405,3,0,2,"3,330","20,642"
33,Bronx,Total,"127,543","7,143",489,151,705,"2,745",60,6,21,"23,307","162,170"
33,District Total,Active,"111,984","6,024",431,131,559,"2,340",57,6,19,"19,977","141,528"
33,District Total,Inactive,"15,559","1,119",58,20,146,405,3,0,2,"3,330","20,642"
33,District Total,Total,"127,543","7,143",489,151,705,"2,745",60,6,21,"23,307","162,170"
34,Bronx,Active,"102,797","18,277","1,357",226,551,"4,173",43,6,57,"25,937","153,424"
34,Bronx,Inactive,"12,469","2,317",184,23,90,599,0,0,8,"3,637","19,327"
34,Bronx,Total,"115,266","20,594","1,541",249,641,"4,772",43,6,65,"29,574","172,751"
34,Westchester,Active,"5,835","3,371",121,15,21,495,2,0,5,"2,940","12,805"
34,Westchester,Inactive,456,282,7,3,0,53,0,0,0,279,"1,080"
34,Westchester,Total,"6,291","3,653",128,18,21,548,2,0,5,"3,219","13,885"
34,District Total,Active,"108,632","21,648","1,478",241,572,"4,668",45,6,62,"28,877","166,229"
34,District Total,Inactive,"12,925","2,599",191,26,90,652,0,0,8,"3,916","20,407"
34,District Total,Total,"121,557","24,247","1,669",267,662,"5,320",45,6,70,"32,793","186,636"
35,Westchester,Active,"102,296","29,276","1,967",236,558,"5,866",36,4,46,"40,629","180,914"
35,Westchester,Inactive,"9,379","2,975",147,25,93,653,0,0,7,"4,010","17,289"
35,Westchester,Total,"111,675","32,251","2,114",261,651,"6,519",36,4,53,"44,639","198,203"
35,District Total,Active,"102,296","29,276","1,967",236,558,"5,866",36,4,46,"40,629","180,914"
35,District Total,Inactive,"9,379","2,975",147,25,93,653,0,0,7,"4,010","17,289"
35,District Total,Total,"111,675","32,251","2,114",261,651,"6,519",36,4,53,"44,639","198,203"
36,Bronx,Active,"105,444","5,033",349,99,439,"2,661",27,2,14,"16,652","130,720"
36,Bronx,Inactive,"12,549",735,53,8,65,361,1,0,5,"2,241","16,018"
36,Bronx,Total,"117,993","5,768",402,107,504,"3,022",28,2,19,"18,893","146,738"
36,Westchester,Active,"27,722","1,880",165,23,116,725,7,1,4,"5,222","35,865"
36,Westchester,Inactive,"2,494",229,19,1,16,85,0,0,0,549,"3,393"
36,Westchester,Total,"30,216","2,109",184,24,132,810,7,1,4,"5,771","39,258"
36,District Total,Active,"133,166","6,913",514,122,555,"3,386",34,3,18,"21,874","166,585"
36,District Total,Inactive,"15,043",964,72,9,81,446,1,0,5,"2,790","19,411"
36,District Total,Total,"148,209","7,877",586,131,636,"3,832",35,3,23,"24,664","185,996"
37,Westchester,Active,"81,814","54,482","3,675",291,404,"8,223",30,6,50,"50,945","199,920"
37,Westchester,Inactive,"6,935","4,446",270,31,38,788,0,0,5,"4,732","17,245"
37,Westchester,Total,"88,749","58,928","3,945",322,442,"9,011",30,6,55,"55,677","217,165"
37,District Total,Active,"81,814","54,482","3,675",291,404,"8,223",30,6,50,"50,945","199,920"
37,District Total,Inactive,"6,935","4,446",270,31,38,788,0,0,5,"4,732","17,245"
37,District Total,Total,"88,749","58,928","3,945",322,442,"9,011",30,6,55,"55,677","217,165"
38,Rockland,Active,"72,906","38,015","3,238",288,785,"6,855",23,116,6,"37,176","159,408"
38,Rockland,Inactive,"5,049","2,458",188,33,44,546,1,1,0,"2,818","11,138"
38,Rockland,Total,"77,955","40,473","3,426",321,829,"7,401",24,117,6,"39,994","170,546"
38,Westchester,Active,"10,803","4,369",188,42,70,872,4,1,6,"5,784","22,139"
38,Westchester,Inactive,796,372,16,6,4,65,0,0,0,507,"1,766"
38,Westchester,Total,"11,599","4,741",204,48,74,937,4,1,6,"6,291","23,905"
38,District Total,Active,"83,709","42,384","3,426",330,855,"7,727",27,117,12,"42,960","181,547"
38,District Total,Inactive,"5,845","2,830",204,39,48,611,1,1,0,"3,325","12,904"
38,District Total,Total,"89,554","45,214","3,630",369,903,"8,338",28,118,12,"46,285","194,451"
39,Orange,Active,"46,629","41,060","2,708",397,718,"7,012",44,11,88,"28,508","127,175"
39,Orange,Inactive,"4,005","2,876",161,44,71,636,1,0,11,"2,677","10,482"
39,Orange,Total,"50,634","43,936","2,869",441,789,"7,648",45,11,99,"31,185","137,657"
39,Rockland,Active,"15,578","6,324",631,43,139,"1,244",9,1,0,"7,354","31,323"
39,Rockland,Inactive,"1,178",519,33,9,15,137,0,0,0,635,"2,526"
39,Rockland,Total,"16,756","6,843",664,52,154,"1,381",9,1,0,"7,989","33,849"
39,Ulster,Active,"3,415","4,079",347,38,67,697,2,0,10,"3,230","11,885"
39,Ulster,Inactive,345,295,20,4,9,61,0,1,1,377,"1,113"
39,Ulster,Total,"3,760","4,374",367,42,76,758,2,1,11,"3,607","12,998"
39,District Total,Active,"65,622","51,463","3,686",478,924,"8,953",55,12,98,"39,092","170,383"
39,District Total,Inactive,"5,528","3,690",214,57,95,834,1,1,12,"3,689","14,121"
39,District Total,Total,"71,150","55,153","3,900",535,"1,019","9,787",56,13,110,"42,781","184,504"
40,Dutchess,Active,"3,452","5,036",313,26,52,949,3,3,8,"3,654","13,496"
40,Dutchess,Inactive,373,415,30,3,4,99,0,0,1,383,"1,308"
40,Dutchess,Total,"3,825","5,451",343,29,56,"1,048",3,3,9,"4,037","14,804"
40,Putnam,Active,"10,646","14,900","1,267",90,127,"2,478",5,9,27,"10,266","39,815"
40,Putnam,Inactive,904,"1,192",104,5,9,220,0,0,5,923,"3,362"
40,Putnam,Total,"11,550","16,092","1,371",95,136,"2,698",5,9,32,"11,189","43,177"
40,Westchester,Active,"57,697","40,698","2,240",322,320,"6,479",16,2,61,"38,613","146,448"
40,Westchester,Inactive,"4,712","3,293",197,24,37,583,0,0,2,"3,380","12,228"
40,Westchester,Total,"62,409","43,991","2,437",346,357,"7,062",16,2,63,"41,993","158,676"
40,District Total,Active,"71,795","60,634","3,820",438,499,"9,906",24,14,96,"52,533","199,759"
40,District Total,Inactive,"5,989","4,900",331,32,50,902,0,0,8,"4,686","16,898"
40,District Total,Total,"77,784","65,534","4,151",470,549,"10,808",24,14,104,"57,219","216,657"
41,Dutchess,Active,"56,931","46,827","3,306",472,708,"9,466",33,38,140,"45,320","163,241"
41,Dutchess,Inactive,"7,072","4,192",264,83,121,"1,142",1,0,19,"5,275","18,169"
41,Dutchess,Total,"64,003","51,019","3,570",555,829,"10,608",34,38,159,"50,595","181,410"
41,Putnam,Active,"7,858","7,025",663,64,90,"1,311",4,4,15,"6,045","23,079"
41,Putnam,Inactive,695,521,63,6,6,121,0,0,1,582,"1,995"
41,Putnam,Total,"8,553","7,546",726,70,96,"1,432",4,4,16,"6,627","25,074"
41,District Total,Active,"64,789","53,852","3,969",536,798,"10,777",37,42,155,"51,365","186,320"
41,District Total,Inactive,"7,767","4,713",327,89,127,"1,263",1,0,20,"5,857","20,164"
41,District Total,Total,"72,556","58,565","4,296",625,925,"12,040",38,42,175,"57,222","206,484"
42,Delaware,Active,"2,180","4,010",185,53,33,507,1,1,4,"1,705","8,679"
42,Delaware,Inactive,272,260,12,2,5,57,0,0,1,263,872
42,Delaware,Total,"2,452","4,270",197,55,38,564,1,1,5,"1,968","9,551"
42,Orange,Active,"32,421","28,641","1,619",227,412,"4,803",10,17,66,"22,138","90,354"
42,Orange,Inactive,"2,965","2,319",135,37,54,515,0,1,5,"2,199","8,230"
42,Orange,Total,"35,386","30,960","1,754",264,466,"5,318",10,18,71,"24,337","98,584"
42,Sullivan,Active,"17,324","12,675","1,075",150,234,"2,418",13,2,36,"11,651","45,578"
42,Sullivan,Inactive,"3,139","1,475",120,29,58,403,0,1,2,"1,914","7,141"
42,Sullivan,Total,"20,463","14,150","1,195",179,292,"2,821",13,3,38,"13,565","52,719"
42,Ulster,Active,"12,680","7,524",552,234,154,"1,571",4,2,24,"8,727","31,472"
42,Ulster,Inactive,"1,560",695,59,34,28,197,1,0,11,"1,266","3,851"
42,Ulster,Total,"14,240","8,219",611,268,182,"1,768",5,2,35,"9,993","35,323"
42,District Total,Active,"64,605","52,850","3,431",664,833,"9,299",28,22,130,"44,221","176,083"
42,District Total,Inactive,"7,936","4,749",326,102,145,"1,172",1,2,19,"5,642","20,094"
42,District Total,Total,"72,541","57,599","3,757",766,978,"10,471",29,24,149,"49,863","196,177"
43,Columbia,Active,"13,798","12,050","1,098",204,215,"2,830",10,1,22,"11,302","41,530"
43,Columbia,Inactive,"1,093",654,76,20,29,288,0,0,5,903,"3,068"
43,Columbia,Total,"14,891","12,704","1,174",224,244,"3,118",10,1,27,"12,205","44,598"
43,Rensselaer,Active,"19,593","20,677","3,343",259,701,"6,153",10,16,31,"23,089","73,872"
43,Rensselaer,Inactive,"1,335","1,128",186,15,62,490,0,0,3,"1,651","4,870"
43,Rensselaer,Total,"20,928","21,805","3,529",274,763,"6,643",10,16,34,"24,740","78,742"
43,Saratoga,Active,"22,338","29,900","1,231",234,276,"4,958",6,1,22,"19,331","78,297"
43,Saratoga,Inactive,"2,342","2,438",130,33,31,622,2,0,5,"2,262","7,865"
43,Saratoga,Total,"24,680","32,338","1,361",267,307,"5,580",8,1,27,"21,593","86,162"
43,Washington,Active,697,"1,310",79,18,11,159,0,0,0,633,"2,907"
43,Washington,Inactive,70,74,4,1,0,18,0,0,0,57,224
43,Washington,Total,767,"1,384",83,19,11,177,0,0,0,690,"3,131"
43,District Total,Active,"56,426","63,937","5,751",715,"1,203","14,100",26,18,75,"54,355","196,606"
43,District Total,Inactive,"4,840","4,294",396,69,122,"1,418",2,0,13,"4,873","16,027"
43,District Total,Total,"61,266","68,231","6,147",784,"1,325","15,518",28,18,88,"59,228","212,633"
44,Albany,Active,"75,180","25,958","1,767",412,506,"6,997",42,9,169,"30,597","141,637"
44,Albany,Inactive,"9,942","2,516",220,78,116,993,4,0,93,"4,557","18,519"
44,Albany,Total,"85,122","28,474","1,987",490,622,"7,990",46,9,262,"35,154","160,156"
44,Rensselaer,Active,"9,432","3,304",891,133,362,"1,502",10,2,4,"6,184","21,824"
44,Rensselaer,Inactive,"1,516",425,104,17,101,273,0,0,5,"1,065","3,506"
44,Rensselaer,Total,"10,948","3,729",995,150,463,"1,775",10,2,9,"7,249","25,330"
44,District Total,Active,"84,612","29,262","2,658",545,868,"8,499",52,11,173,"36,781","163,461"
44,District Total,Inactive,"11,458","2,941",324,95,217,"1,266",4,0,98,"5,622","22,025"
44,District Total,Total,"96,070","32,203","2,982",640,"1,085","9,765",56,11,271,"42,403","185,486"
45,Clinton,Active,"17,003","14,234",509,94,246,"3,244",6,6,0,"10,860","46,202"
45,Clinton,Inactive,"1,643","1,115",40,21,35,439,0,0,0,"1,544","4,837"
45,Clinton,Total,"18,646","15,349",549,115,281,"3,683",6,6,0,"12,404","51,039"
45,Essex,Active,"6,503","10,788",211,85,56,"1,773",0,1,10,"4,546","23,973"
45,Essex,Inactive,838,"1,123",30,24,21,309,1,0,5,821,"3,172"
45,Essex,Total,"7,341","11,911",241,109,77,"2,082",1,1,15,"5,367","27,145"
45,Franklin,Active,"9,710","8,519",340,66,103,"1,640",1,3,2,"4,790","25,174"
45,Franklin,Inactive,931,726,42,17,27,249,0,0,2,818,"2,812"
45,Franklin,Total,"10,641","9,245",382,83,130,"1,889",1,3,4,"5,608","27,986"
45,St.Lawrence,Active,"1,397","1,736",73,12,24,228,0,0,5,815,"4,290"
45,St.Lawrence,Inactive,97,84,4,2,3,18,0,0,0,65,273
45,St.Lawrence,Total,"1,494","1,820",77,14,27,246,0,0,5,880,"4,563"
45,Warren,Active,"10,480","18,949",636,188,129,"2,612",4,20,3,"8,673","41,694"
45,Warren,Inactive,"1,223","1,554",53,25,25,358,0,0,2,"1,262","4,502"
45,Warren,Total,"11,703","20,503",689,213,154,"2,970",4,20,5,"9,935","46,196"
45,Washington,Active,"8,122","13,411",583,115,179,"2,082",3,3,3,"7,086","31,587"
45,Washington,Inactive,798,"1,005",55,11,35,294,0,0,0,957,"3,155"
45,Washington,Total,"8,920","14,416",638,126,214,"2,376",3,3,3,"8,043","34,742"
45,District Total,Active,"53,215","67,637","2,352",560,737,"11,579",14,33,23,"36,770","172,920"
45,District Total,Inactive,"5,530","5,607",224,100,146,"1,667",1,0,9,"5,467","18,751"
45,District Total,Total,"58,745","73,244","2,576",660,883,"13,246",15,33,32,"42,237","191,671"
46,Albany,Active,"16,478","9,863","1,224",113,102,"2,615",7,5,29,"11,329","41,765"
46,Albany,Inactive,"1,385",788,110,18,8,249,0,0,11,"1,090","3,659"
46,Albany,Total,"17,863","10,651","1,334",131,110,"2,864",7,5,40,"12,419","45,424"
46,Greene,Active,"7,075","11,641",816,150,145,"1,914",5,1,1,"7,568","29,316"
46,Greene,Inactive,910,"1,116",87,25,20,273,0,0,0,"1,064","3,495"
46,Greene,Total,"7,985","12,757",903,175,165,"2,187",5,1,1,"8,632","32,811"
46,Montgomery,Active,"9,103","9,461",663,64,116,"1,532",5,8,22,"6,286","27,260"
46,Montgomery,Inactive,903,746,78,10,33,195,0,0,2,921,"2,888"
46,Montgomery,Total,"10,006","10,207",741,74,149,"1,727",5,8,24,"7,207","30,148"
46,Schenectady,Active,"9,040","7,662","1,741",64,179,"1,822",4,0,18,"6,607","27,137"
46,Schenectady,Inactive,505,442,81,7,15,145,0,0,1,433,"1,629"
46,Schenectady,Total,"9,545","8,104","1,822",71,194,"1,967",4,0,19,"7,040","28,766"
46,Ulster,Active,"22,023","13,981","1,446",336,331,"3,207",19,1,49,"20,147","61,540"
46,Ulster,Inactive,"2,022",986,106,34,37,314,0,0,8,"1,926","5,433"
46,Ulster,Total,"24,045","14,967","1,552",370,368,"3,521",19,1,57,"22,073","66,973"
46,District Total,Active,"63,719","52,608","5,890",727,873,"11,090",40,15,119,"51,937","187,018"
46,District Total,Inactive,"5,725","4,078",462,94,113,"1,176",0,0,22,"5,434","17,104"
46,District Total,Total,"69,444","56,686","6,352",821,986,"12,266",40,15,141,"57,371","204,122"
47,Lewis,Active,"4,272","8,590",277,32,60,847,1,0,3,"2,856","16,938"
47,Lewis,Inactive,281,454,17,1,3,74,0,0,0,242,"1,072"
47,Lewis,Total,"4,553","9,044",294,33,63,921,1,0,3,"3,098","18,010"
47,Oneida,Active,"42,384","46,185","2,027",262,507,"7,346",19,13,94,"23,858","122,695"
47,Oneida,Inactive,"4,306","3,653",186,41,86,974,1,0,6,"3,083","12,336"
47,Oneida,Total,"46,690","49,838","2,213",303,593,"8,320",20,13,100,"26,941","135,031"
47,St.Lawrence,Active,"9,952","7,053",319,78,109,"1,287",3,0,22,"5,336","24,159"
47,St.Lawrence,Inactive,761,548,22,10,15,134,0,0,0,648,"2,138"
47,St.Lawrence,Total,"10,713","7,601",341,88,124,"1,421",3,0,22,"5,984","26,297"
47,District Total,Active,"56,608","61,828","2,623",372,676,"9,480",23,13,119,"32,050","163,792"
47,District Total,Inactive,"5,348","4,655",225,52,104,"1,182",1,0,6,"3,973","15,546"
47,District Total,Total,"61,956","66,483","2,848",424,780,"10,662",24,13,125,"36,023","179,338"
48,Jefferson,Active,"15,872","23,427",862,146,219,"3,192",8,3,26,"12,518","56,273"
48,Jefferson,Inactive,"2,633","2,818",122,25,51,594,0,0,9,"2,985","9,237"
48,Jefferson,Total,"18,505","26,245",984,171,270,"3,786",8,3,35,"15,503","65,510"
48,Oswego,Active,"17,335","31,545","1,669",153,349,"3,788",9,3,38,"14,912","69,801"
48,Oswego,Inactive,"1,954","2,502",147,22,68,507,0,0,11,"2,035","7,246"
48,Oswego,Total,"19,289","34,047","1,816",175,417,"4,295",9,3,49,"16,947","77,047"
48,St.Lawrence,Active,"10,395","11,191",504,63,133,"1,783",1,0,35,"6,087","30,192"
48,St.Lawrence,Inactive,850,736,27,18,24,190,0,0,2,757,"2,604"
48,St.Lawrence,Total,"11,245","11,927",531,81,157,"1,973",1,0,37,"6,844","32,796"
48,District Total,Active,"43,602","66,163","3,035",362,701,"8,763",18,6,99,"33,517","156,266"
48,District Total,Inactive,"5,437","6,056",296,65,143,"1,291",0,0,22,"5,777","19,087"
48,District Total,Total,"49,039","72,219","3,331",427,844,"10,054",18,6,121,"39,294","175,353"
49,Fulton,Active,"7,943","15,887",554,76,169,"1,735",6,2,9,"6,190","32,571"
49,Fulton,Inactive,384,522,21,10,14,96,0,0,0,402,"1,449"
49,Fulton,Total,"8,327","16,409",575,86,183,"1,831",6,2,9,"6,592","34,020"
49,Hamilton,Active,870,"2,457",69,9,6,227,0,0,3,561,"4,202"
49,Hamilton,Inactive,134,345,11,0,1,51,0,0,2,106,650
49,Hamilton,Total,"1,004","2,802",80,9,7,278,0,0,5,667,"4,852"
49,Herkimer,Active,"1,553","4,207",171,15,22,480,2,4,1,"1,273","7,728"
49,Herkimer,Inactive,119,208,6,0,5,46,0,0,0,122,506
49,Herkimer,Total,"1,672","4,415",177,15,27,526,2,4,1,"1,395","8,234"
49,Saratoga,Active,"18,103","30,832","1,192",172,167,"4,318",2,7,28,"18,804","73,625"
49,Saratoga,Inactive,"1,556","2,200",102,17,21,423,1,0,6,"1,813","6,139"
49,Saratoga,Total,"19,659","33,032","1,294",189,188,"4,741",3,7,34,"20,617","79,764"
49,Schenectady,Active,"27,047","16,127","1,525",207,419,"3,719",30,4,54,"16,848","65,980"
49,Schenectady,Inactive,"2,963","1,256",114,33,82,420,0,0,8,"1,901","6,777"
49,Schenectady,Total,"30,010","17,383","1,639",240,501,"4,139",30,4,62,"18,749","72,757"
49,District Total,Active,"55,516","69,510","3,511",479,783,"10,479",40,17,95,"43,676","184,106"
49,District Total,Inactive,"5,156","4,531",254,60,123,"1,036",1,0,16,"4,344","15,521"
49,District Total,Total,"60,672","74,041","3,765",539,906,"11,515",41,17,111,"48,020","199,627"
50,Cayuga,Active,"5,853","5,817",484,63,94,971,2,0,10,"3,761","17,055"
50,Cayuga,Inactive,693,520,49,8,27,122,0,0,1,648,"2,068"
50,Cayuga,Total,"6,546","6,337",533,71,121,"1,093",2,0,11,"4,409","19,123"
50,Onondaga,Active,"55,208","57,212","3,168",495,608,"9,543",27,13,190,"46,219","172,683"
50,Onondaga,Inactive,"4,545","3,662",219,46,78,888,1,0,25,"3,914","13,378"
50,Onondaga,Total,"59,753","60,874","3,387",541,686,"10,431",28,13,215,"50,133","186,061"
50,District Total,Active,"61,061","63,029","3,652",558,702,"10,514",29,13,200,"49,980","189,738"
50,District Total,Inactive,"5,238","4,182",268,54,105,"1,010",1,0,26,"4,562","15,446"
50,District Total,Total,"66,299","67,211","3,920",612,807,"11,524",30,13,226,"54,542","205,184"
51,Cayuga,Active,"2,217","3,177",160,18,38,403,0,0,1,"1,537","7,551"
51,Cayuga,Inactive,155,217,9,1,7,45,0,0,0,157,591
51,Cayuga,Total,"2,372","3,394",169,19,45,448,0,0,1,"1,694","8,142"
51,Chenango,Active,"2,001","3,846",170,39,53,486,4,0,3,"1,897","8,499"
51,Chenango,Inactive,217,293,11,6,13,56,0,0,1,298,895
51,Chenango,Total,"2,218","4,139",181,45,66,542,4,0,4,"2,195","9,394"
51,Cortland,Active,"8,879","9,939",453,100,138,"1,591",6,2,5,"6,784","27,897"
51,Cortland,Inactive,"1,153",911,51,22,33,257,0,0,1,"1,482","3,910"
51,Cortland,Total,"10,032","10,850",504,122,171,"1,848",6,2,6,"8,266","31,807"
51,Delaware,Active,"4,459","6,329",268,55,67,967,2,1,9,"3,279","15,436"
51,Delaware,Inactive,471,495,24,7,14,129,0,0,4,460,"1,604"
51,Delaware,Total,"4,930","6,824",292,62,81,"1,096",2,1,13,"3,739","17,040"
51,Herkimer,Active,"8,665","13,931",525,93,118,"2,002",3,23,6,"5,418","30,784"
51,Herkimer,Inactive,673,839,34,9,16,195,0,0,3,546,"2,315"
51,Herkimer,Total,"9,338","14,770",559,102,134,"2,197",3,23,9,"5,964","33,099"
51,Otsego,Active,"10,561","12,995",516,143,140,"2,147",7,4,43,"7,291","33,847"
51,Otsego,Inactive,"1,172",988,58,14,22,279,1,0,4,"1,085","3,623"
51,Otsego,Total,"11,733","13,983",574,157,162,"2,426",8,4,47,"8,376","37,470"
51,Schoharie,Active,"4,776","7,165",542,62,81,"1,215",2,0,19,"4,389","18,251"
51,Schoharie,Inactive,625,778,56,14,21,216,0,0,4,718,"2,432"
51,Schoharie,Total,"5,401","7,943",598,76,102,"1,431",2,0,23,"5,107","20,683"
51,Tompkins,Active,"6,898","4,847",195,134,85,891,1,0,17,"3,787","16,855"
51,Tompkins,Inactive,839,550,14,12,9,117,0,0,6,629,"2,176"
51,Tompkins,Total,"7,737","5,397",209,146,94,"1,008",1,0,23,"4,416","19,031"
51,Ulster,Active,"3,742","2,673",239,79,63,537,2,0,9,"2,803","10,147"
51,Ulster,Inactive,281,202,17,10,9,53,0,0,3,272,847
51,Ulster,Total,"4,023","2,875",256,89,72,590,2,0,12,"3,075","10,994"
51,District Total,Active,"52,198","64,902","3,068",723,783,"10,239",27,30,112,"37,185","169,267"
51,District Total,Inactive,"5,586","5,273",274,95,144,"1,347",1,0,26,"5,647","18,393"
51,District Total,Total,"57,784","70,175","3,342",818,927,"11,586",28,30,138,"42,832","187,660"
52,Broome,Active,"42,748","41,370","1,571",360,587,"6,123",25,26,93,"22,609","115,512"
52,Broome,Inactive,"6,222","3,904",160,96,146,"1,034",5,1,35,"4,698","16,301"
52,Broome,Total,"48,970","45,274","1,731",456,733,"7,157",30,27,128,"27,307","131,813"
52,Chenango,Active,"5,217","8,421",337,100,129,"1,196",2,0,11,"4,526","19,939"
52,Chenango,Inactive,518,670,28,14,26,140,1,0,2,642,"2,041"
52,Chenango,Total,"5,735","9,091",365,114,155,"1,336",3,0,13,"5,168","21,980"
52,Delaware,Active,657,"1,290",35,7,10,133,0,0,0,416,"2,548"
52,Delaware,Inactive,94,117,3,0,6,13,0,0,0,71,304
52,Delaware,Total,751,"1,407",38,7,16,146,0,0,0,487,"2,852"
52,Tioga,Active,"8,038","13,642",442,92,122,"1,714",1,0,47,"6,382","30,480"
52,Tioga,Inactive,799,"1,101",37,13,25,202,0,0,3,844,"3,024"
52,Tioga,Total,"8,837","14,743",479,105,147,"1,916",1,0,50,"7,226","33,504"
52,District Total,Active,"56,660","64,723","2,385",559,848,"9,166",28,26,151,"33,933","168,479"
52,District Total,Inactive,"7,633","5,792",228,123,203,"1,389",6,1,40,"6,255","21,670"
52,District Total,Total,"64,293","70,515","2,613",682,"1,051","10,555",34,27,191,"40,188","190,149"
53,Madison,Active,"11,307","15,939",899,125,231,"2,686",4,3,41,"9,690","40,925"
53,Madison,Inactive,"1,185","1,164",70,25,23,293,0,0,6,"1,081","3,847"
53,Madison,Total,"12,492","17,103",969,150,254,"2,979",4,3,47,"10,771","44,772"
53,Oneida,Active,"2,434","2,584",87,20,13,400,2,1,9,"1,456","7,006"
53,Oneida,Inactive,265,240,2,1,4,61,0,0,1,204,778
53,Oneida,Total,"2,699","2,824",89,21,17,461,2,1,10,"1,660","7,784"
53,Onondaga,Active,"50,308","26,421","1,720",507,680,"5,299",25,6,121,"28,004","113,091"
53,Onondaga,Inactive,"7,216","2,226",157,101,134,848,0,0,14,"4,461","15,157"
53,Onondaga,Total,"57,524","28,647","1,877",608,814,"6,147",25,6,135,"32,465","128,248"
53,District Total,Active,"64,049","44,944","2,706",652,924,"8,385",31,10,171,"39,150","161,022"
53,District Total,Inactive,"8,666","3,630",229,127,161,"1,202",0,0,21,"5,746","19,782"
53,District Total,Total,"72,715","48,574","2,935",779,"1,085","9,587",31,10,192,"44,896","180,804"
54,Cayuga,Active,"6,787","7,575",592,75,96,"1,109",2,1,9,"4,545","20,791"
54,Cayuga,Inactive,608,558,41,9,16,147,0,0,1,507,"1,887"
54,Cayuga,Total,"7,395","8,133",633,84,112,"1,256",2,1,10,"5,052","22,678"
54,Monroe,Active,"8,983","10,578",660,57,65,"1,633",4,1,35,"8,427","30,443"
54,Monroe,Inactive,446,547,25,5,5,76,0,0,2,476,"1,582"
54,Monroe,Total,"9,429","11,125",685,62,70,"1,709",4,1,37,"8,903","32,025"
54,Ontario,Active,"14,556","16,988",935,178,167,"2,675",14,9,14,"11,445","46,981"
54,Ontario,Inactive,592,638,45,8,17,148,0,0,3,681,"2,132"
54,Ontario,Total,"15,148","17,626",980,186,184,"2,823",14,9,17,"12,126","49,113"
54,Seneca,Active,"5,972","7,473",429,67,113,988,1,0,1,"4,074","19,118"
54,Seneca,Inactive,542,577,31,5,17,138,0,0,0,537,"1,847"
54,Seneca,Total,"6,514","8,050",460,72,130,"1,126",1,0,1,"4,611","20,965"
54,Tompkins,Active,"3,034","1,931",52,60,10,323,0,2,18,"1,640","7,070"
54,Tompkins,Inactive,436,245,12,3,2,59,0,0,3,332,"1,092"
54,Tompkins,Total,"3,470","2,176",64,63,12,382,0,2,21,"1,972","8,162"
54,Wayne,Active,"13,531","22,369","1,562",148,283,"2,985",3,4,78,"14,385","55,348"
54,Wayne,Inactive,900,928,64,15,31,232,0,0,10,"1,047","3,227"
54,Wayne,Total,"14,431","23,297","1,626",163,314,"3,217",3,4,88,"15,432","58,575"
54,District Total,Active,"52,863","66,914","4,230",585,734,"9,713",24,17,155,"44,516","179,751"
54,District Total,Inactive,"3,524","3,493",218,45,88,800,0,0,19,"3,580","11,767"
54,District Total,Total,"56,387","70,407","4,448",630,822,"10,513",24,17,174,"48,096","191,518"
55,Monroe,Active,"68,186","47,971","2,466",605,462,"8,136",22,6,246,"42,472","170,572"
55,Monroe,Inactive,"5,171","2,767",131,58,53,663,0,0,31,"3,091","11,965"
55,Monroe,Total,"73,357","50,738","2,597",663,515,"8,799",22,6,277,"45,563","182,537"
55,Ontario,Active,"5,791","9,902",449,60,56,"1,311",1,1,9,"5,497","23,077"
55,Ontario,Inactive,237,348,26,3,2,78,0,0,0,248,942
55,Ontario,Total,"6,028","10,250",475,63,58,"1,389",1,1,9,"5,745","24,019"
55,District Total,Active,"73,977","57,873","2,915",665,518,"9,447",23,7,255,"47,969","193,649"
55,District Total,Inactive,"5,408","3,115",157,61,55,741,0,0,31,"3,339","12,907"
55,District Total,Total,"79,385","60,988","3,072",726,573,"10,188",23,7,286,"51,308","206,556"
56,Monroe,Active,"70,988","45,590","3,275",444,777,"7,557",33,6,168,"40,653","169,491"
56,Monroe,Inactive,"6,657","2,477",163,45,92,613,1,0,15,"3,312","13,375"
56,Monroe,Total,"77,645","48,067","3,438",489,869,"8,170",34,6,183,"43,965","182,866"
56,District Total,Active,"70,988","45,590","3,275",444,777,"7,557",33,6,168,"40,653","169,491"
56,District Total,Inactive,"6,657","2,477",163,45,92,613,1,0,15,"3,312","13,375"
56,District Total,Total,"77,645","48,067","3,438",489,869,"8,170",34,6,183,"43,965","182,866"
57,Allegany,Active,"5,943","12,414",439,80,128,"1,275",2,2,14,"4,797","25,094"
57,Allegany,Inactive,486,663,29,10,17,131,0,0,4,492,"1,832"
57,Allegany,Total,"6,429","13,077",468,90,145,"1,406",2,2,18,"5,289","26,926"
57,Cattaraugus,Active,"14,570","17,372","1,106",121,275,"2,272",13,10,12,"9,145","44,896"
57,Cattaraugus,Inactive,"2,074","1,971",146,27,74,438,1,0,8,"1,858","6,597"
57,Cattaraugus,Total,"16,644","19,343","1,252",148,349,"2,710",14,10,20,"11,003","51,493"
57,Chautauqua,Active,"25,852","25,248","1,943",185,459,"4,757",8,25,79,"18,314","76,870"
57,Chautauqua,Inactive,"2,694","2,169",190,32,75,616,0,0,15,"2,687","8,478"
57,Chautauqua,Total,"28,546","27,417","2,133",217,534,"5,373",8,25,94,"21,001","85,348"
57,Livingston,Active,"4,274","7,785",416,71,71,911,0,1,33,"3,621","17,183"
57,Livingston,Inactive,310,451,25,9,11,89,0,0,3,391,"1,289"
57,Livingston,Total,"4,584","8,236",441,80,82,"1,000",0,1,36,"4,012","18,472"
57,District Total,Active,"50,639","62,819","3,904",457,933,"9,215",23,38,138,"35,877","164,043"
57,District Total,Inactive,"5,564","5,254",390,78,177,"1,274",1,0,30,"5,428","18,196"
57,District Total,Total,"56,203","68,073","4,294",535,"1,110","10,489",24,38,168,"41,305","182,239"
58,Chemung,Active,"15,523","20,200",793,111,273,"3,097",5,10,20,"10,391","50,423"
58,Chemung,Inactive,"1,731","1,727",84,15,39,428,0,0,3,"1,493","5,520"
58,Chemung,Total,"17,254","21,927",877,126,312,"3,525",5,10,23,"11,884","55,943"
58,Schuyler,Active,"3,273","4,686",255,64,69,720,1,0,0,"2,643","11,711"
58,Schuyler,Inactive,312,367,17,6,12,109,0,0,0,333,"1,156"
58,Schuyler,Total,"3,585","5,053",272,70,81,829,1,0,0,"2,976","12,867"
58,Steuben,Active,"14,186","28,174",969,157,265,"3,018",9,3,58,"10,365","57,204"
58,Steuben,Inactive,"1,473","2,016",73,32,46,384,0,0,2,"1,518","5,544"
58,Steuben,Total,"15,659","30,190","1,042",189,311,"3,402",9,3,60,"11,883","62,748"
58,Tompkins,Active,"17,586","4,950",164,298,128,"1,130",12,0,42,"6,426","30,736"
58,Tompkins,Inactive,"2,686",660,21,62,31,250,0,0,9,"1,596","5,315"
58,Tompkins,Total,"20,272","5,610",185,360,159,"1,380",12,0,51,"8,022","36,051"
58,Yates,Active,"3,219","6,474",237,49,60,677,12,20,4,"2,747","13,499"
58,Yates,Inactive,258,389,20,4,10,77,0,0,3,355,"1,116"
58,Yates,Total,"3,477","6,863",257,53,70,754,12,20,7,"3,102","14,615"
58,District Total,Active,"53,787","64,484","2,418",679,795,"8,642",39,33,124,"32,572","163,573"
58,District Total,Inactive,"6,460","5,159",215,119,138,"1,248",0,0,17,"5,295","18,651"
58,District Total,Total,"60,247","69,643","2,633",798,933,"9,890",39,33,141,"37,867","182,224"
59,Erie,Active,"44,202","40,019","4,054",316,645,"7,161",8,4,108,"24,878","121,395"
59,Erie,Inactive,"1,921","1,631",138,22,45,372,0,0,8,"1,437","5,574"
59,Erie,Total,"46,123","41,650","4,192",338,690,"7,533",8,4,116,"26,315","126,969"
59,Livingston,Active,"6,149","9,052",508,80,77,976,7,1,25,"5,016","21,891"
59,Livingston,Inactive,646,477,32,10,8,110,0,0,3,573,"1,859"
59,Livingston,Total,"6,795","9,529",540,90,85,"1,086",7,1,28,"5,589","23,750"
59,Monroe,Active,"9,949","8,390",588,62,70,"1,358",4,0,45,"6,900","27,366"
59,Monroe,Inactive,678,467,24,7,9,90,0,0,4,512,"1,791"
59,Monroe,Total,"10,627","8,857",612,69,79,"1,448",4,0,49,"7,412","29,157"
59,Wyoming,Active,"5,478","11,044",560,38,100,"1,211",0,0,12,"5,342","23,785"
59,Wyoming,Inactive,421,645,42,2,17,126,0,0,0,531,"1,784"
59,Wyoming,Total,"5,899","11,689",602,40,117,"1,337",0,0,12,"5,873","25,569"
59,District Total,Active,"65,778","68,505","5,710",496,892,"10,706",19,5,190,"42,136","194,437"
59,District Total,Inactive,"3,666","3,220",236,41,79,698,0,0,15,"3,053","11,008"
59,District Total,Total,"69,444","71,725","5,946",537,971,"11,404",19,5,205,"45,189","205,445"
60,Erie,Active,"87,475","50,949","4,878",605,"1,032","10,044",31,13,214,"35,935","191,176"
60,Erie,Inactive,"6,343","3,024",204,50,106,797,0,0,20,"3,328","13,872"
60,Erie,Total,"93,818","53,973","5,082",655,"1,138","10,841",31,13,234,"39,263","205,048"
60,District Total,Active,"87,475","50,949","4,878",605,"1,032","10,044",31,13,214,"35,935","191,176"
60,District Total,Inactive,"6,343","3,024",204,50,106,797,0,0,20,"3,328","13,872"
60,District Total,Total,"93,818","53,973","5,082",655,"1,138","10,841",31,13,234,"39,263","205,048"
61,Erie,Active,"40,299","39,121","2,107",277,315,"5,560",15,17,94,"21,536","109,341"
61,Erie,Inactive,"2,898","2,372",103,30,22,445,0,0,13,"1,819","7,702"
61,Erie,Total,"43,197","41,493","2,210",307,337,"6,005",15,17,107,"23,355","117,043"
61,Genesee,Active,"9,167","15,829",952,102,201,"1,931",5,4,78,"8,465","36,734"
61,Genesee,Inactive,544,724,47,11,19,139,0,0,7,575,"2,066"
61,Genesee,Total,"9,711","16,553",999,113,220,"2,070",5,4,85,"9,040","38,800"
61,Monroe,Active,"20,429","10,059",716,117,153,"1,622",5,3,47,"9,056","42,207"
61,Monroe,Inactive,"1,959",544,34,14,19,140,1,0,9,736,"3,456"
61,Monroe,Total,"22,388","10,603",750,131,172,"1,762",6,3,56,"9,792","45,663"
61,District Total,Active,"69,895","65,009","3,775",496,669,"9,113",25,24,219,"39,057","188,282"
61,District Total,Inactive,"5,401","3,640",184,55,60,724,1,0,29,"3,130","13,224"
61,District Total,Total,"75,296","68,649","3,959",551,729,"9,837",26,24,248,"42,187","201,506"
62,Monroe,Active,"5,326","7,590",580,47,72,"1,110",6,1,25,"5,172","19,929"
62,Monroe,Inactive,350,323,36,1,10,77,0,0,2,311,"1,110"
62,Monroe,Total,"5,676","7,913",616,48,82,"1,187",6,1,27,"5,483","21,039"
62,Niagara,Active,"51,893","42,952","3,138",439,"1,180","6,613",25,34,85,"23,823","130,182"
62,Niagara,Inactive,"2,674","1,768",120,32,82,346,0,1,8,"1,674","6,705"
62,Niagara,Total,"54,567","44,720","3,258",471,"1,262","6,959",25,35,93,"25,497","136,887"
62,Orleans,Active,"5,518","10,731",542,64,154,"1,113",3,2,35,"5,102","23,264"
62,Orleans,Inactive,474,714,56,9,25,112,0,0,3,556,"1,949"
62,Orleans,Total,"5,992","11,445",598,73,179,"1,225",3,2,38,"5,658","25,213"
62,District Total,Active,"62,737","61,273","4,260",550,"1,406","8,836",34,37,145,"34,097","173,375"
62,District Total,Inactive,"3,498","2,805",212,42,117,535,0,1,13,"2,541","9,764"
62,District Total,Total,"66,235","64,078","4,472",592,"1,523","9,371",34,38,158,"36,638","183,139"
63,Erie,Active,"115,104","21,317","2,592",494,"1,010","6,186",32,3,135,"26,364","173,237"
63,Erie,Inactive,"9,403","1,519",155,58,159,597,0,0,17,"2,990","14,898"
63,Erie,Total,"124,507","22,836","2,747",552,"1,169","6,783",32,3,152,"29,354","188,135"
63,District Total,Active,"115,104","21,317","2,592",494,"1,010","6,186",32,3,135,"26,364","173,237"
63,District Total,Inactive,"9,403","1,519",155,58,159,597,0,0,17,"2,990","14,898"
63,District Total,Total,"124,507","22,836","2,747",552,"1,169","6,783",32,3,152,"29,354","188,135"
"",Statewide Total,Active,"5,665,105","2,648,842","151,971","25,857","44,366","454,006","2,232",891,"6,255","2,476,908","11,476,433"
"",Statewide Total,Inactive,"514,629","190,862","10,711","3,056","5,673","47,732",46,9,868,"243,231","1,016,817"
"",Statewide Total,Total,"6,179,734","2,839,704","162,682","28,913","50,039","501,738","2,278",900,"7,123","2,720,139","12,493,250"
